lng,lat,v
0,0,0
0,0,0
0,0,0
0,0,0
0,0,0
0,0,0
40.144,-75.116,99
45.846,-119.282,74.13999939
34.353,-87.763,73.77999878
39.969,-86.081,99.25
39.473,-76.458,49.47
31.073,-97.736,98.94999695
31.72,-85.816,64.80000305
34.426,-117.572,68.33000183
27.768,-97.4,75.45999908
40.531,-74.218,99.08000183
37.792,-122.408,98.30000305
33.995,-117.373,99.08999634
27.768,-97.4,97.8199997
42.509,-96.362,99.13999939
34.155,-118.594,98.77999878
36.175,-115.137,97.38999939
39.864,-75.435,99.13999939
33.448,-111.805,99.13999939
40.016,-76.245,98.40000153
39.633,-80.087,99.13999939
40.802,-73.937,99.13999939
41.908,-84.064,98.51999664
36.119,-80.075,98.33999634
43.059,-71.309,96.90000153
33.787,-84.59,99.11000061
40.299,-76.709,99.11000061
33.909,-84.177,99.13999939
39.952,-75.164,98.63999939
40.108,-76.505,99.13999939
0,0,98.62000275
41.651,-88.086,99.13999939
41.46,-72.818,99.13999939
37.166,-93.325,98.44000244
34.224,-118.632,97.23999786
33.275,-111.863,99.13999939
30.356,-88.49,99.13999939
43.982,-91.635,99.27999878
27.768,-97.4,97.8199997
36.035,-79.486,97.23999786
42.509,-96.362,99.13999939
34.155,-118.594,98.77999878
36.175,-115.137,97.38999939
39.864,-75.435,99.13999939
33.448,-111.805,99.13999939
40.016,-76.245,98.40000153
39.633,-80.087,99.13999939
40.802,-73.937,99.13999939
41.908,-84.064,98.51999664
36.119,-80.075,98.33999634
43.059,-71.309,96.90000153
33.787,-84.59,99.11000061
40.299,-76.709,99.11000061
33.909,-84.177,99.13999939
39.952,-75.164,98.63999939
40.108,-76.505,99.13999939
0,0,98.62000275
41.651,-88.086,99.13999939
41.46,-72.818,99.13999939
37.166,-93.325,98.44000244
34.224,-118.632,97.23999786
33.275,-111.863,99.13999939
30.356,-88.49,99.13999939
32.639,-96.563,99.27999878
39.481,-76.644,49.47000122
28.76,-81.343,98.40000153
29.424,-98.494,70.34999847
47.63,-122.054,99.11000061
28.666,-81.369,99.08000183
39.207,-76.747,99.11000061
45.639,-122.661,99.19999695
39.084,-77.153,95.55999756
18.39,-66.066,99.11000061
42.331,-83.046,99.13999939
32.787,-96.799,98.55999756
42.266,-85.562,98.19000244
39.595,-104.962,99.12000275
40.884,-74.206,99.12000275
32.499,-86.413,99.13999939
40.536,-79.886,99.12000275
42.297,-71.227,0
40.284,-84.152,0
42.249,-84.388,0
33.817,-111.903,0
39.774,-86.11,99.13999939
39.425,-76.778,96.47000122
33.415,-111.909,99.13999939
42.65,-71.354,99.16999817
42.65,-71.354,99.16999817
33.791,-112.064,99.13999939
32.974,-96.742,99.13999939
33.448,-112.074,99.13999939
42.473,-83.222,99.13999939
32.787,-96.799,0
45.681,-122.728,98.08000183
37.939,-122.49,98.19000244
39.705,-105.081,98.5
44.914,-93.417,99.13999939
0,0,0
33.215,-97.133,73.88999939
47.606,-122.332,72.8199997
37.316,-121.937,74.91999817
0,0,75.01000214
41.85,-87.65,98.8199997
35.228,-80.845,97.73999786
39.716,-105.244,75.52999878
42.364,-71.083,69.91000366
38.627,-90.198,99.12000275
40.703,-74.013,71.23999786
43.072,-70.763,98.90000153
35.256,-80.821,97.08000183
43.006,-123.893,98.79000092
37.336,-121.882,98.5
39.864,-104.822,97.79000092
35.772,-78.639,99.01999664
37.341,-77.082,72.44000244
0,0,73.69999695
38.964,-77.468,99.01999664
36.633,-82.12,98.59999847
27.948,-82.458,98.59999847
40.352,-74.659,98.79000092
37.554,-77.46,72.33000183
40.804,-74.367,99.12000275
38.738,-77.185,75.08000183
33.215,-97.133,73.88999939
47.606,-122.332,72.8199997
37.316,-121.937,74.91999817
0,0,75.01000214
41.85,-87.65,98.8199997
35.228,-80.845,97.73999786
39.716,-105.244,75.52999878
42.364,-71.083,69.91000366
38.627,-90.198,99.12000275
40.703,-74.013,71.23999786
43.072,-70.763,98.90000153
35.256,-80.821,97.08000183
43.006,-123.893,98.79000092
37.336,-121.882,98.5
39.864,-104.822,97.79000092
35.772,-78.639,99.01999664
37.341,-77.082,72.44000244
0,0,73.69999695
38.964,-77.468,99.01999664
36.633,-82.12,98.59999847
27.948,-82.458,98.59999847
40.352,-74.659,98.79000092
37.554,-77.46,72.33000183
40.804,-74.367,99.12000275
38.738,-77.185,75.08000183
37.442,-77.044,75.01000214
0,0,70.93000031
38.934,-77.177,75.08000183
37.28,-80.087,71.5699997
37.475,-77.779,75.01000214
0,0,75.08000183
33.121,-97.183,75.01000214
38.901,-77.265,75.01999664
38.969,-77.341,75.01000214
42.172,-87.877,66.87000275
35.772,-78.639,98.30999756
40.714,-74.009,99.19999695
42.305,-83.172,72.83999634
27.948,-82.458,99.05999756
38.897,-77.05,99.11000061
33.619,-117.929,99.08999634
35.947,-84.022,99.01999664
40.714,-74.006,99.04000092
40.448,-79.991,75.04000092
42.033,-87.883,98.55000305
39.934,-74.891,98.55999756
42.347,-71.04,99.15000153
40.736,-74.172,74.52999878
37.339,-121.895,75.11000061
42.347,-71.04,74.34999847
32.88,-97,98.44000244
39.001,-77.036,99.05999756
41.906,-71.524,99.08999634
38.895,-77.036,99.05999756
40.745,-74.032,98.58000183
43.061,-89.399,99.08999634
39.357,-120.176,98.80999756
37.809,-122.299,0
40.714,-74.006,99.08999634
33.787,-84.59,99.05999756
38.895,-77.036,99.05000305
42.347,-71.04,98.97000122
41.878,-87.628,99
0,0,98.36000061
35.227,-80.843,99.05999756
40.094,-75.38,99.05999756
39.971,-82.864,99.05999756
42.331,-83.05,98.90000153
37.975,-87.478,98.84999847
40.133,-75.211,49.47
42.013,-87.997,95.88999939
40.188,-75.153,98.12999725
35.999,-78.898,98.58000183
39.792,-86.289,99.01999664
39.29,-76.612,99.08999634
32.88,-97,98.44000244
39.001,-77.036,99.05999756
41.906,-71.524,99.08999634
38.895,-77.036,99.05999756
40.745,-74.032,98.58000183
43.061,-89.399,99.08999634
39.357,-120.176,98.80999756
37.809,-122.299,0
40.714,-74.006,99.08999634
33.787,-84.59,99.05999756
38.895,-77.036,99.05000305
42.347,-71.04,98.97000122
41.878,-87.628,99
0,0,98.36000061
35.227,-80.843,99.05999756
40.094,-75.38,99.05999756
39.971,-82.864,99.05999756
42.331,-83.05,98.90000153
37.975,-87.478,98.84999847
40.133,-75.211,49.47
42.013,-87.997,95.88999939
40.188,-75.153,98.12999725
35.999,-78.898,98.58000183
39.792,-86.289,99.01999664
39.29,-76.612,99.08999634
0,0,99.05999756
41.85,-87.65,99.05999756
38.91,-77.018,98.45999908
39.952,-75.164,99.05999756
33.973,-118.249,49.47
40.313,-74.861,99.05999756
42.688,-83.234,97.65000153
33.451,-112.068,99.05999756
41.601,-93.609,98.84999847
0,0,0
37.518,-76.979,98.55999756
26.359,-80.083,49.47000122
38.582,-121.494,98.90000153
32.982,-96.836,99.05999756
41.601,-93.609,98.3199997
30.311,-97.722,98.01000214
39.765,-84.086,98.37000275
38.907,-77.124,98.26999664
39.439,-77.343,99.16000366
41.062,-74.803,99.05999756
34.983,-78.417,97.62000275
35.772,-78.639,98.97000122
40.661,-75.39,98.90000153
45.498,-122.694,98.3199997
42.358,-71.065,98.90000153
33.183,-87.249,99.05999756
46.598,-120.534,99.05999756
0,0,98.95999908
28.608,-81.353,97.05000305
34.73,-86.586,98.90000153
42.347,-71.04,99.05000305
39.735,-104.781,98.98000336
47.602,-122.326,98.3199997
37.386,-122.084,98.23999786
33.02,-96.699,99.05999756
44.98,-93.264,98.80999756
40.714,-74.006,99.05999756
40.714,-74.006,98.83999634
44.98,-93.264,99.05999756
40.038,-76.306,98.80999756
41.584,-93.629,99.05999756
40.925,-74.277,99.05999756
30.22,-97.749,99.13999939
37.323,-122.032,98.55000305
33.736,-117.818,98.83999634
0,0,96.25
26.359,-80.083,98.63999939
39.948,-74.905,98.94000244
41.5,-81.695,99.05999756
40.615,-74.77,99.05999756
41.569,-93.785,99.05999756
40.714,-74.006,99.05999756
27.997,-82.4,96.25
28.457,-81.468,99
40.048,-86.459,98.33999634
46.771,-92.104,99.05999756
33.89,-84.143,98.30000305
47.606,-122.332,98.90000153
38.699,-77.137,99.05999756
35.995,-86.785,97.87999725
30.332,-81.656,99.05999756
42.358,-71.06,98.80999756
33.753,-84.389,99.13999939
32.787,-96.799,98.95999908
42.341,-71.095,98.73999786
37.58,-77.52,49.47
42.485,-83.028,98.54000092
37.386,-122.084,98.58000183
0,0,49.47
35.86,-78.833,98.94000244
34.019,-118.491,97.54000092
40.608,-74.759,99.05999756
42.358,-71.06,99.08999634
41.839,-71.439,97.97000122
40.555,-74.661,98.30999756
42.331,-83.046,99.05999756
36.332,-94.119,98.47000122
41.767,-72.673,99.13999939
39.835,-82.88,98.94000244
32.715,-117.157,98.95999908
38.837,-77.064,99.05999756
0,0,99.05999756
32.88,-97,98.44000244
36.831,-76.481,99.05999756
40.671,-73.937,98.83999634
35.772,-78.639,99.08999634
37.548,-121.989,99.05000305
39.084,-77.153,97.19999695
40.714,-74.006,99.05999756
0,0,96.25
41.666,-81.34,99.05999756
0,0,98.76000214
36.161,-86.784,99.05999756
40.714,-74.006,99.08999634
47.631,-122.346,98.3199997
38.805,-77.047,99.05999756
39.29,-76.612,99.08999634
42.562,-71.562,99.05999756
33.076,-96.804,98.80999756
29.759,-95.363,98.58000183
38.834,-104.821,94.19000244
33.933,-84.385,98.62999725
41.881,-87.625,99.13999939
34.075,-84.294,99.05999756
33.42,-111.929,94.54000092
41.683,-86.25,98.95999908
42.358,-71.06,98.80999756
42.653,-73.756,98.80999756
40.486,-74.452,98.75
27.997,-82.4,97.90000153
33.448,-112.074,98.94999695
37.716,-122.165,99.05999756
39.961,-82.999,49.47000122
35.772,-78.639,98.80999756
32.88,-97,98.66000366
43.609,-116.398,98.70999908
42.363,-71.103,98.51000214
38.895,-77.036,98.30000305
33.448,-112.074,99.05999756
32.814,-96.949,98.65000153
47.602,-122.326,98.84999847
39.948,-74.905,98.94000244
36.085,-115.256,99.05999756
35.126,-117.986,98.44000244
37.323,-122.032,98.76000214
40.784,-73.252,99.05999756
40.729,-74.077,99.05999756
33.792,-84.446,98.62999725
42.358,-71.06,98.80999756
39.244,-84.353,99.05999756
41.683,-86.25,98.0699997
42.971,-78.799,98.52999878
47.612,-122.334,99.01999664
35.772,-78.639,99.08000183
26.122,-80.143,98.80999756
27.948,-82.458,99.05999756
33.941,-84.214,98.37000275
39.948,-74.905,98.94000244
35.211,-80.867,98.98000336
32.814,-96.949,98.34999847
29.776,-95.604,98.26000214
27.983,-82.34,99.05999756
33.449,-112.091,98.37000275
32.787,-96.799,98.62999725
39.42,-76.78,98.37000275
37.386,-122.084,99.05999756
30.267,-97.743,99.08999634
40.745,-74.032,98.66000366
35.227,-80.843,98.20999908
39.948,-74.905,98.94000244
40.816,-96.707,99.05999756
33.619,-117.929,98.58000183
40.733,-74.173,97.84999847
44.975,-93.258,98.94000244
27.997,-82.4,99.05000305
38.91,-77.018,97.72000122
41.809,-88.023,97
45.518,-122.859,99.05999756
43.006,-123.893,98.69000244
28.457,-81.468,99
44.975,-93.258,99.05999756
37.979,-122.165,49.47000122
39.953,-75.174,98.80999756
41.118,-73.408,98.44000244
37.305,-122.095,98.90000153
41.82,-71.413,98.62999725
44.975,-93.258,99.05999756
32.783,-96.776,98.73000336
47.683,-122.123,99.05999756
41.04,-73.712,99.05999756
43.006,-123.893,98.76000214
32.884,-96.94,98.52999878
40.745,-74.032,98.63999939
37.418,-122.071,98.66999817
42.399,-71.259,99.05999756
27.997,-82.4,98.12999725
0,0,99.16000366
32.88,-97,98.44000244
42.228,-88.32,63.93999863
47.606,-122.332,98.55999756
42.886,-78.878,99.01000214
39.001,-77.036,99.05999756
38.882,-77.171,99.12000275
33.215,-97.133,73.88999939
42.78,-73.846,95.83999634
35.914,-78.863,75.26000214
49.236,-123.149,73.88999939
34.73,-86.586,49.47
38.473,-77.997,99.08999634
38.895,-77.036,99.05999756
36.678,-121.655,71.19000244
35.772,-78.639,98.30999756
36.388,-86.447,49.47
36.391,-86.167,70.0699997
40.628,-75.395,98.75
36.204,-115.223,73.93000031
40.038,-76.306,98.70999908
42.086,-71.411,29.46999931
39.246,-119.962,69.11000061
41.711,-70.361,29.47
39.535,-119.753,99
30.267,-97.743,98.40000153
32.915,-96.171,71.54000092
31.545,-83.898,98.55000305
44.081,-103.231,0
39.29,-76.612,98.73999786
40.608,-75.49,69.30999756
46.294,-93.827,0
44.426,-69.006,97.91999817
34.108,-117.29,49.47
0,0,99.16000366
40.656,-111.503,0
42.222,-83.397,99.23999786
34.73,-86.586,74.59999847
40.337,-75.119,0
39.961,-82.999,29.46999931
33.669,-117.823,26.43000031
36.388,-86.447,49.47
36.391,-86.167,70.0699997
36.204,-115.223,73.93000031
40.038,-76.306,98.70999908
42.086,-71.411,29.46999931
39.246,-119.962,69.11000061
41.711,-70.361,29.47
30.267,-97.743,98.40000153
32.915,-96.171,71.54000092
31.545,-83.898,98.55000305
44.081,-103.231,0
39.29,-76.612,98.73999786
39.608,-119.776,99
40.608,-75.49,69.30999756
46.294,-93.827,0
44.426,-69.006,97.91999817
34.108,-117.29,49.47
0,0,99.16000366
40.656,-111.503,0
42.222,-83.397,99.23999786
34.73,-86.586,74.59999847
40.337,-75.119,0
39.961,-82.999,29.46999931
39.864,-104.822,70.90000153
28.538,-81.379,98.88999939
45.639,-122.661,99.05999756
42.002,-83.309,71.76000214
42.382,-71.032,99.19000244
29.816,-95.524,0
38.331,-77.051,98.61000061
28.538,-81.379,98.88999939
47.61,-122.201,67.69999695
38.757,-77.091,98.94999695
40.477,-88.992,54.34000015
29.424,-98.494,64.54000092
42.347,-71.04,70.45999908
47.606,-122.332,99.16999817
39.334,-77.432,98.05999756
40.848,-74.483,50.38999939
40.663,-80.093,99.04000092
45.219,-93.954,73.98000336
34.147,-118.139,49.47000122
33.749,-84.388,98.97000122
35.772,-78.639,98.30999756
0,0,69.41000366
37.792,-122.408,98.30000305
33.995,-117.373,99.08999634
39.706,-104.965,99.01999664
34.141,-83.781,99.0699997
40.443,-79.953,99.01000214
36.032,-118.966,73.48000336
38.742,-90.346,97.59999847
32.881,-84.34,0
37.357,-77.442,98.63999939
49.236,-123.149,73.88999939
39.204,-94.555,99.20999908
35.648,-105.972,98.98999786
36.175,-115.137,96.90000153
42.509,-96.362,99.13999939
42.332,-122.778,99.27999878
28.234,-82.181,98.87999725
39.864,-75.435,99.13999939
39.633,-80.087,99.13999939
33.448,-111.805,99.13999939
40.016,-76.245,98.40000153
40.802,-73.937,99.13999939
41.908,-84.064,98.51999664
36.119,-80.075,98.33999634
43.059,-71.309,96.90000153
40.563,-79.29,99.11000061
41.651,-88.086,99.13999939
33.909,-84.177,99.13999939
39.952,-75.164,98.63999939
40.108,-76.505,99.13999939
0,0,98.62000275
41.46,-72.818,99.13999939
37.166,-93.325,98.44000244
34.224,-118.632,97.23999786
33.275,-111.863,99.13999939
32.846,-117.272,99.11000061
39.481,-76.644,49.47000122
35.648,-105.972,98.98999786
36.175,-115.137,96.90000153
42.509,-96.362,99.13999939
42.332,-122.778,99.27999878
28.234,-82.181,98.87999725
39.864,-75.435,99.13999939
39.633,-80.087,99.13999939
33.448,-111.805,99.13999939
40.016,-76.245,98.40000153
40.802,-73.937,99.13999939
41.908,-84.064,98.51999664
36.119,-80.075,98.33999634
43.059,-71.309,96.90000153
40.563,-79.29,99.11000061
41.651,-88.086,99.13999939
33.909,-84.177,99.13999939
39.952,-75.164,98.63999939
40.108,-76.505,99.13999939
0,0,98.62000275
41.46,-72.818,99.13999939
37.166,-93.325,98.44000244
34.224,-118.632,97.23999786
33.275,-111.863,99.13999939
32.846,-117.272,99.11000061
39.481,-76.644,49.47000122
40.65,-73.95,99.13999939
32.639,-96.563,99.27999878
45.639,-122.661,99.19999695
32.783,-96.807,99.12000275
44.05,-91.639,99.27999878
28.666,-81.369,99.08000183
39.029,-76.712,97.23999786
18.39,-66.066,99.11000061
28.76,-81.343,98.40000153
39.084,-77.153,95.55999756
42.331,-83.046,99.13999939
41.88,-87.688,99.12000275
32.793,-96.773,99.11000061
38.641,-90.646,99.04000092
35.775,-78.634,98.12999725
40.884,-74.206,99.12000275
30.356,-88.49,99.13999939
42.297,-71.227,0
40.044,-105.194,99.12000275
40.284,-84.152,0
42.249,-84.388,0
33.817,-111.903,0
39.425,-76.778,96.47000122
35.618,-97.467,99.13999939
38.262,-85.541,99.11000061
38.262,-85.541,99.11000061
35.925,-86.869,99.13999939
32.114,-81.154,99.12000275
42.708,-71.161,99.13999939
42.326,-87.841,98.33999634
32.88,-97,97.44999695
33.415,-111.909,99.13999939
32.974,-96.742,99.13999939
35.807,-78.713,99.19999695
44.914,-93.417,99.13999939
39.137,-76.698,99.13999939
28.458,-81.359,96.72000122
40.855,-74.4,99.13999939
40.886,-74.043,99.0699997
33.895,-118.002,98.01000214
27.476,-97.796,99.23000336
36.175,-115.137,97.38999939
40.258,-76.859,99.13999939
40.299,-76.709,99.11000061
39.952,-75.164,98.63999939
42.996,-71.455,96.47000122
47.65,-122.532,99.11000061
39.143,-77.201,49.47
42.327,-87.865,99.13999939
29.424,-98.494,70.34999847
39.029,-76.712,97.23999786
30.927,-97.556,49.47000122
38.43,-90.398,98.66999817
40.15,-75.382,99.12000275
40.284,-84.152,0
39.616,-104.875,99.13999939
32.88,-97,94.41999817
35.914,-78.863,99.12000275
33.448,-112.074,99.13999939
44.914,-93.417,99.13999939
33.883,-117.606,99.13999939
35.425,-100.839,99.13999939
33.845,-117.953,98.01000214
29.428,-98.528,99.01000214
40.177,-76.295,99.11000061
39.952,-75.164,98.63999939
33.393,-111.931,97.3199997
47.63,-122.054,99.11000061
39.079,-77.073,49.47
32.783,-96.807,99.08000183
32.927,-97.073,99.15000153
38.641,-90.646,99.04000092
32.451,-97.421,70.02999878
33.791,-112.064,99.13999939
32.084,-81.1,99.13999939
39.774,-86.11,99.13999939
35.907,-86.766,98.30000305
33.838,-117.537,99.13999939
36.748,-119.772,99.13999939
29.463,-98.676,98.73999786
40.012,-76.355,99.11000061
33.393,-111.931,97.3199997
47.758,-122.243,99.11000061
39.326,-76.448,49.47
30.086,-94.102,99.05999756
31.094,-97.364,99.11000061
38.803,-89.974,99.13999939
32.035,-81.167,99.13999939
39.774,-86.11,99.12000275
45.006,-93.157,98.30000305
35.907,-86.766,98.43000031
44.751,-93.515,98.76999664
29.428,-98.528,99.16999817
40.167,-76.604,99.11000061
47.523,-122.536,99.11000061
39.067,-76.665,49.47
32.482,-96.994,99.13999939
33.202,-97.077,97.3199997
38.43,-90.398,99.04000092
25.82,-80.355,98.48999786
29.683,-95.4,99.13999939
39.058,-94.594,99.13999939
44.751,-93.515,98.76999664
27.662,-97.367,98.73999786
40.073,-76.317,99.11000061
47.512,-122.501,99.11000061
38.54,-76.584,49.47
29.424,-98.494,70.36000061
33.162,-96.769,99.11000061
38.43,-90.398,99.01000214
39.642,-104.959,98.30000305
45.012,-93.156,99.13999939
27.768,-97.4,99.13999939
40.181,-76.176,99.11000061
47.555,-122.545,99.11000061
0,0,99.27999878
30.267,-97.743,70.37999725
30.546,-97.642,99.15000153
38.657,-90.458,99.13999939
38.627,-90.198,99.12000275
29.572,-98.605,99.13999939
29.463,-98.676,98.41999817
40.235,-76.93,99.11000061
47.617,-122.169,99.11000061
39.163,-76.625,49.47
32.934,-97.078,99.05999756
30.265,-97.865,98.63999939
33.306,-111.841,99.12000275
33.324,-111.867,99.13999939
30.177,-93.23,99.12000275
40.362,-76.797,99.11000061
47.562,-122.227,99.11000061
38.978,-76.492,49.47
33.02,-96.699,99.12000275
32.927,-97.073,99.11000061
27.938,-82.286,99.12000275
35.648,-105.972,98.37000275
40.291,-76.583,99.11000061
47.857,-122.216,99.11000061
38.991,-77.026,49.47
32.826,-96.965,99.11000061
38.58,-121.53,99.13999939
29.463,-98.676,99.08000183
40.073,-76.317,99.11000061
47.626,-122.235,99.11000061
0,0,98.98999786
32.793,-96.773,98.94000244
42.718,-73.833,99.12000275
32.457,-93.71,99.27999878
40.108,-76.505,99.11000061
47.462,-122.211,99.11000061
32.793,-96.773,98.08999634
30.087,-94.129,99.27999878
40.686,-76.195,98.40000153
47.656,-122.509,99.11000061
30.705,-97.737,96.72000122
29.428,-98.528,99.16999817
40.073,-76.317,99.11000061
47.412,-122.473,99.11000061
30.546,-97.642,98.5
32.325,-95.302,99.27999878
40.291,-76.822,99.11000061
47.47,-122.36,99.11000061
31.094,-97.364,98.63999939
27.768,-97.4,99.16999817
40.595,-75.668,98.40000153
47.682,-122.208,99.11000061
31.094,-97.364,97.73999786
35.648,-105.972,97.55999756
40.016,-76.245,99.11000061
47.754,-122.534,99.11000061
31.081,-97.636,98.90000153
27.768,-97.4,97.8199997
39.96,-76.268,99.11000061
47.529,-122.593,99.11000061
33.162,-96.769,96.47000122
29.505,-98.572,99.05999756
40.549,-75.999,98.40000153
47.674,-122.121,99.11000061
32.891,-96.554,99.11000061
35.648,-105.972,49.47000122
40.337,-75.119,99.11000061
47.538,-122.589,0
33.212,-96.606,99.11000061
33.517,-94.119,99.27999878
40.689,-75.277,99.11000061
47.792,-122.306,99.11000061
30.546,-97.642,99.0699997
32.457,-93.71,98.8199997
40.672,-75.628,99.11000061
47.602,-122.326,99.11000061
29.694,-98.072,99.05999756
40.083,-75.293,99.11000061
32.325,-95.302,98.8199997
40.391,-75.233,99.11000061
29.505,-98.572,97.63999939
29.505,-98.572,99.27999878
33.517,-94.119,98.77999878
27.476,-97.796,98.63999939
29.463,-98.676,98.73999786
29.867,-97.959,99.05999756
27.476,-97.796,98.8199997
32.325,-95.302,99.13999939
32.325,-95.302,99.26999664
31.965,-95.304,97.94000244
38.726,-90.098,99.08000183
25.987,-80.232,96.29000092
28.234,-82.181,95.51999664
42.332,-122.778,73.23999786
45.639,-122.661,74.84999847
39.163,-94.448,98.72000122
41.076,-73.859,99.23000336
32.701,-114.673,72.19999695
34.608,-87.023,0
37.452,-122.184,49.47000122
34.052,-118.244,72.12999725
42.358,-71.06,98.80000305
42.105,-76.758,98.16000366
0,0,98.90000153
42.651,-73.807,26.43
33.995,-117.373,99.08999634
34.17,-118.29,99.0699997
39.647,-105.009,70.83999634
33.509,-111.899,99.11000061
33.56,-112.095,99.0699997
39.952,-75.164,72.26999664
29.955,-90.075,71.69000244
32.95,-117.207,98.62000275
39.599,-105.228,72.69000244
39.947,-81.603,98.83999634
36.175,-115.137,72.13999939
42.296,-71.054,98.87999725
32.477,-80.926,96.29000092
34.146,-118.463,98.48000336
41.567,-87.793,99.23000336
40.936,-74.117,98.86000061
37.352,-79.217,57.04000092
40.218,-111.615,98.91999817
46.31,-120.345,0
29.194,-81.054,0
38.562,-92.294,98.30999756
38.426,-85.391,54.34000015
39.924,-94.826,98.08000183
40.654,-111.967,98.76999664
32.419,-99.749,98.33999634
38.881,-92.76,98.62999725
38.8,-90.618,98.98999786
41.234,-96.186,98.62000275
38.899,-92.239,98.34999847
39.774,-94.762,98.98999786
32.252,-110.887,99.23000336
39.807,-86.099,98.80000305
34.767,-77.874,71.66000366
40.741,-74.36,98.59999847
32.374,-86.312,98.84999847
26.641,-81.872,98.8199997
39.123,-76.792,97.29000092
40.802,-73.937,99.23999786
38.992,-76.532,74.0699997
29.694,-98.072,96.47000122
29.759,-95.363,99.23000336
33.56,-112.095,99.0699997
34.146,-118.463,98.48000336
40.218,-111.615,98.91999817
33.836,-118.293,99.16000366
31.266,-92.47,98.41999817
38.644,-91.188,75.66999817
40.259,-103.624,99
41.7,-93.048,98.30999756
39.29,-76.612,75.51000214
39.956,-74.257,0
41.761,-71.211,72.69000244
43.276,-85.851,99.19999695
30.158,-95.489,0
42.316,-71.16,75.52999878
42.653,-73.756,98.73000336
41.557,-96.245,49.47
41.076,-73.859,99.23000336
42.854,-73.785,49.47
41.675,-85.949,46.31000137
28.234,-82.181,97.70999908
33.198,-97.122,49.47
42.683,-73.852,99.08999634
42.751,-73.773,72.44000244
43.348,-73.678,96.29000092
41.775,-71.435,75.43000031
29.526,-98.606,49.47
0,0,99.23999786
34.224,-88.74,49.47
33.325,-83.345,98.94000244
31.266,-92.47,98.41999817
44.081,-103.231,0
38.644,-91.188,75.66999817
41.7,-93.048,98.30999756
39.29,-76.612,75.51000214
40.585,-105.084,99.04000092
39.956,-74.257,0
41.761,-71.211,72.69000244
43.276,-85.851,99.19999695
30.158,-95.489,0
42.316,-71.16,75.52999878
42.653,-73.756,98.73000336
41.557,-96.245,49.47
41.076,-73.859,99.23000336
42.854,-73.785,49.47
41.675,-85.949,46.31000137
28.234,-82.181,97.70999908
33.198,-97.122,49.47
42.683,-73.852,99.08999634
42.751,-73.773,72.44000244
43.348,-73.678,96.29000092
41.775,-71.435,75.43000031
29.526,-98.606,49.47
0,0,99.23999786
34.224,-88.74,49.47
34.224,-88.74,49.47
33.325,-83.345,98.94000244
42.653,-73.756,72.37999725
41.307,-72.925,98.30000305
25.992,-80.351,99.16000366
26.296,-81.791,75.58000183
32.858,-96.426,99.16000366
41.085,-73.846,98.75
36.175,-115.137,99.15000153
42.358,-71.065,98.75
26.943,-80.134,97.91000366
41.714,-73.907,99.08000183
42.569,-70.862,97.87999725
42.307,-74.93,49.47
42.653,-73.756,98.38999939
32.477,-80.926,96.29000092
41.608,-93.773,97.05000305
41.567,-87.793,99.23000336
0,0,98.91000366
44.983,-89.56,99.26000214
40.802,-73.937,99.23999786
38.481,-101.806,49.47
40.749,-73.986,69.83999634
29.424,-98.494,99.27999878
42.358,-71.06,98.22000122
29.424,-98.494,99.27999878
42.358,-71.06,98.22000122
32.844,-97.143,72.68000031
38.875,-89.108,96.68000031
34.213,-79.821,98.84999847
35.413,-80.861,98.68000031
34.457,-116.139,98.84999847
29.957,-90.077,99.12000275
39.952,-75.164,96.84999847
40.68,-73.964,75.55000305
38.39,-82.242,99.02999878
39.09,-77.18,98.84999847
26.641,-81.872,96.33999634
41.377,-73.46,97.61000061
29.314,-98.388,99.15000153
39.756,-75.109,99.23999786
41.1,-80.65,75.34999847
39.294,-76.623,96.29000092
39.995,-86.356,75.47000122
38.582,-121.494,98.88999939
42.502,-71.203,98.20999908
35.067,-106.581,98.66999817
32.948,-96.73,98.58999634
37.28,-121.955,98.97000122
40.714,-74.006,99.04000092
40.178,-75.129,98.0699997
40.727,-73.946,98.83000183
39.719,-84.13,99.0699997
34.052,-118.255,49.47
34.018,-118.392,98.66999817
38.627,-90.198,98.94000244
41.377,-73.46,98.5699997
40.034,-76.349,99.19000244
40.235,-76.93,98.76999664
33.448,-112.074,98.55999756
34.73,-86.586,74.59999847
32.457,-93.71,98.73000336
31.115,-97.728,98.37999725
38.752,-121.288,98.27999878
37.21,-121.539,95.83999634
42.222,-83.397,98.76999664
30.047,-99.14,98.26999664
31.266,-92.47,99.08000183
39.434,-76.167,98.84999847
33.585,-92.834,99.11000061
39.899,-76.64,98.87000275
32.349,-86.402,98.94999695
41.845,-87.754,74.87000275
33.448,-112.074,98.77999878
38.657,-90.458,98.90000153
33.753,-84.389,99.01999664
43.004,-89.283,0
40.915,-73.044,98.76999664
41.462,-81.025,99.08000183
40.242,-75.284,99.11000061
47.676,-122.187,97.47000122
33.71,-117.951,99.08999634
39.98,-76.674,98.29000092
41.129,-78.42,99.08000183
31.706,-106.324,98.93000031
40.678,-73.92,98.94999695
18.429,-66.115,98.94999695
42.673,-73.638,98.76999664
39.664,-84.241,98.62000275
37.342,-121.882,99.08000183
40.763,-80.124,98.90000153
33.448,-112.074,98.55999756
42.222,-83.397,98.76999664
30.047,-99.14,98.26999664
31.266,-92.47,99.08000183
39.434,-76.167,98.84999847
33.585,-92.834,99.11000061
39.899,-76.64,98.87000275
32.349,-86.402,98.94999695
41.845,-87.754,74.87000275
0,0,0
0,0,0
0,0,0
0,0,0
0,0,0
0,0,0
0,0,0
0,0,0
0,0,0
0,0,0
0,0,0
0,0,0
0,0,0
0,0,0
0,0,0
0,0,0
0,0,0
0,0,0
0,0,0
0,0,0
0,0,0
0,0,0
0,0,0
0,0,0
0,0,0
0,0,0
0,0,0
0,0,0
0,0,0
0,0,0
0,0,0
0,0,0
0,0,0
0,0,0
0,0,0
0,0,0
0,0,0
0,0,0
0,0,0
0,0,0
0,0,0
0,0,0
0,0,0
0,0,0
0,0,0
0,0,0
0,0,0
0,0,0
0,0,0
0,0,0
0,0,0
0,0,0
0,0,0
0,0,0
0,0,0
0,0,0
0,0,0
0,0,0
0,0,0
0,0,0
0,0,0
0,0,0
0,0,0
0,0,0
0,0,0
0,0,0
0,0,0
0,0,0
0,0,0
0,0,0
0,0,0
0,0,0
0,0,0
0,0,0
0,0,0
0,0,0
0,0,0
0,0,0
0,0,0
0,0,0
0,0,0
0,0,0
0,0,0
0,0,0
0,0,0
0,0,0
0,0,0
0,0,0
0,0,0
0,0,0
0,0,0
0,0,0
0,0,0
0,0,0
0,0,0
0,0,0
32.88,-97,98.44000244
41.906,-71.524,99.08999634
38.895,-77.036,99.05999756
34.015,-90.432,70.0699997
33.517,-94.119,98.77999878
32.222,-110.926,49.47000122
32.325,-95.302,99.16999817
39.802,-89.655,99.26999664
27.768,-97.4,99.22000122
39.585,-76.388,98.84999847
39.29,-76.612,98.86000061
44.478,-73.196,98.75
44.081,-103.231,0
38.582,-121.494,98.88999939
0,0,49.47
32.222,-110.926,99.16999817
38.627,-90.198,98.94000244
32.457,-93.71,98.73000336
34.73,-86.586,74.59999847
31.115,-97.728,98.37999725
45.639,-122.661,99.16999817
38.752,-121.288,98.27999878
40.214,-77.009,73.23000336
33.749,-84.388,69.44000244
40.742,-75.225,98.94000244
26.381,-80.105,95.63999939
33.753,-84.389,68.94000244
30.294,-87.574,60.56000137
38.997,-84.652,56.63000107
45.289,-121.797,96.93000031
44.945,-123.861,96.93000031
40.654,-74.001,29.47
40.834,-73.947,98.73000336
29.424,-98.494,49.47000122
34.567,-92.583,98.26000214
39.768,-86.158,0
33.936,-118.065,59.65000153
40.889,-74.047,71.73000336
38.834,-104.821,67.87999725
33.973,-118.249,96.38999939
39.827,-75.128,98.84999847
40.421,-79.788,74.66000366
39.725,-86.264,0
38.805,-77.047,98.58000183
34.218,-118.37,68.94000244
33.875,-117.566,68.94000244
38.805,-77.047,74.66000366
34.148,-119.195,29.46999931
33.494,-86.81,98.59999847
33.507,-112.07,29.46999931
40.338,-75.975,99.26000214
40.499,-74.4,70.29000092
35.648,-105.972,72.77999878
38.473,-77.997,98.86000061
40.714,-74.006,98.16999817
38.838,-77.345,97.05000305
27.948,-82.458,96.19000244
28.164,-80.711,98.62999725
34.032,-118.489,98.62999725
29.461,-98.572,98.62999725
38.91,-77.018,71.12000275
0,0,98.62000275
39.617,-104.951,74.73000336
39.617,-104.951,74.73000336
41.432,-73.134,98.5699997
33.215,-97.133,98.98000336
38.582,-121.494,99.12000275
40.714,-74.006,99.16000366
34.392,-118.543,73.3199997
38.895,-77.036,97.52999878
32.88,-97,99.01000214
38.834,-104.821,98.69999695
32.457,-93.71,98.59999847
38.765,-76.898,98.73999786
35.487,-80.622,99.05999756
33.585,-92.834,71.8199997
41.975,-88.019,0
39.899,-76.64,99.02999878
39.952,-75.164,71.66999817
39.952,-75.164,71.66999817
28.457,-81.468,99.12000275
25.767,-80.204,98.94999695
26.121,-80.128,97.69999695
45.549,-122.558,99.23000336
35.914,-78.863,99.29000092
27.662,-97.367,97.22000122
38.909,-77.975,75.69000244
33.585,-92.834,71.01999664
33.448,-112.074,66.61000061
47.04,-92.471,0
33.585,-92.834,71.8199997
41.975,-88.019,0
39.899,-76.64,99.02999878
39.802,-89.655,99.20999908
29.644,-98.505,51.06000137
43.665,-103.767,0
31.073,-97.736,98.94999695
34.148,-119.195,66.80999756
29.463,-98.676,49.47
33.585,-92.834,71.01999664
31.115,-97.728,66.73999786
40.714,-74.006,98.77999878
33.215,-97.133,46.31000137
38.582,-121.494,98.88999939
0,0,49.47
32.222,-110.926,99.16999817
38.627,-90.198,98.94000244
34.201,-118.598,99.25
33.215,-97.133,98.68000031
39.434,-76.167,61.22000122
38.834,-104.821,29.46999931
40.732,-74.039,96.58000183
40.63,-91.315,29.47
40.626,-75.37,73.23999786
39.678,-119.938,69.27999878
40.116,-74.858,98.98000336
35.772,-78.639,98.98000336
33.448,-112.074,98.63999939
30.438,-84.281,72.12999725
34.953,-120.436,74.68000031
40.736,-74.172,98.72000122
35.648,-105.972,46.13000107
42.886,-78.878,99.01000214
40.732,-74.039,55.43000031
39.51,-76.164,99.01999664
34.015,-90.432,70.0699997
34.015,-90.432,70.0699997
32.88,-97,98.44000244
41.906,-71.524,99.08999634
38.895,-77.036,99.05999756
34.015,-90.432,70.0699997
33.517,-94.119,98.77999878
32.222,-110.926,49.47000122
32.325,-95.302,99.16999817
39.802,-89.655,99.26999664
27.768,-97.4,99.22000122
39.585,-76.388,98.84999847
39.29,-76.612,98.86000061
44.478,-73.196,98.75
44.081,-103.231,0
38.582,-121.494,98.88999939
0,0,49.47
32.222,-110.926,99.16999817
38.627,-90.198,98.94000244
32.457,-93.71,98.73000336
34.73,-86.586,74.59999847
31.115,-97.728,98.37999725
45.639,-122.661,99.16999817
38.752,-121.288,98.27999878
0,0,0
0,0,0
37.316,-121.937,74.91999817
40.188,-75.153,98.12999725
40.714,-74.006,66.12000275
42.78,-73.846,95.83999634
0,0,98.62000275
41.46,-72.818,99.13999939
37.166,-93.325,98.44000244
42.006,-71.486,99.0699997
61.202,-149.741,99.0699997
32.325,-95.302,99.23000336
42.162,-70.794,98.66999817
33.448,-112.074,26.43000031
41.85,-87.65,49.47
32.728,-97.317,98.76999664
43.002,-73.876,72.63999939
31.706,-106.324,98.93000031
39.09,-77.18,98.84999847
0,0,95.48000336
28.388,-81.322,99.08000183
32.783,-96.807,98.80000305
37.472,-121.13,98.94999695
33.936,-118.065,98.76999664
29.424,-98.494,59.86000061
37.296,-80.117,98.98999786
40.736,-74.172,98.62000275
42.004,-87.895,99.0699997
28.457,-81.468,98.44999695
33.787,-84.59,99.05999756
42.331,-83.05,98.86000061
42.227,-73.745,98.73999786
33.448,-112.074,0
39.113,-86.442,71.3199997
38.895,-77.036,97.52999878
40.752,-73.973,75.69000244
33.641,-117.794,99.12999725
40.75,-73.997,58.18999863
34.193,-118.819,99.18000031
32.772,-117.146,96.11000061
34.075,-84.294,97.5699997
40.741,-73.99,74.75
39.341,-84.405,96.11000061
47.639,-122.37,99.05000305
28.056,-82.678,99.27999878
27.948,-82.458,99.12999725
42.888,-78.881,99.12999725
41.764,-72.685,26.43
29.615,-95.606,75.11000061
42.974,-74.127,99.27999878
40.532,-105.141,99.27999878
39.953,-75.165,99.27999878
38.116,-121.107,99.27999878
32.734,-96.451,99.27999878
38.688,-77.819,99.18000031
25.793,-80.368,98.8199997
33.888,-118.309,99.16000366
31.311,-92.445,0
41.5,-81.695,99.04000092
30.239,-90.92,74.40000153
40.642,-75.43,29.47
30.451,-91.155,0
40.044,-105.194,49.47000122
30.374,-90.982,29.47
36.852,-121.402,29.47
29.763,-95.363,0
30.451,-91.155,70.12000275
29.763,-95.363,0
30.451,-91.155,0
0,0,96.97000122
29.994,-90.242,69.23999786
38.997,-84.652,98.55999756
44.247,-88.371,98.19999695
40.727,-73.742,71.41000366
27.943,-82.511,99.27999878
39.648,-75.604,99.29000092
35.084,-80.89,99.08999634
42.732,-84.554,98.75
34.73,-86.586,97.05999756
35.772,-78.639,98.16999817
39.617,-104.951,99.16000366
42.719,-73.826,98.66000366
33.736,-117.818,73.84999847
39.661,-104.835,71.37000275
37.316,-121.937,74.91999817
42.117,-86.454,49.47000122
42.461,-73.282,98.76000214
40.714,-74.006,66.12000275
42.78,-73.846,95.83999634
43.074,-87.909,98.98999786
0,0,98.98999786
33.956,-83.988,71.58999634
37.387,-122.016,74.8199997
28.538,-81.379,98.80000305
42.558,-70.88,98.44000244
38.627,-90.198,98.63999939
47.664,-122.023,99.27999878
47.612,-122.334,60.34999847
37.387,-122.016,99.09999847
26.122,-80.143,97.11000061
32.222,-110.926,98.5
32.996,-97.227,71.98999786
35.5,-86.079,98.5
33.649,-86.702,68.25
41.596,-72.589,98.58000183
40.847,-74.159,99.08000183
25.774,-80.194,99.08999634
36.833,-78.733,99.0699997
42.732,-84.554,49.47
40.728,-74.078,71.95999908
35.759,-78.781,99.05999756
45.3,-122.774,98.87999725
25.456,-80.455,95.08000183
37.369,-122.036,70.44000244
27.849,-82.635,99.13999939
44.269,-88.443,71.66999817
40.346,-74.425,74.40000153
45.01,-93.349,97.5699997
27.771,-82.637,99.26999664
32.78,-79.936,97.91999817
26.157,-80.331,98.62000275
40.714,-74.006,66.12000275
42.78,-73.846,95.83999634
37.316,-121.937,74.91999817
0,0,95.48000336
28.388,-81.322,99.08000183
32.783,-96.807,98.80000305
37.472,-121.13,98.94999695
33.936,-118.065,98.76999664
29.424,-98.494,59.86000061
37.296,-80.117,98.98999786
42.306,-71.525,99
26.122,-80.143,97.11000061
32.222,-110.926,98.5
32.996,-97.227,71.98999786
45.3,-122.774,98.87999725
25.456,-80.455,95.08000183
37.369,-122.036,70.44000244
27.849,-82.635,99.13999939
33.714,-118.038,71.48999786
37.775,-122.419,0
39.759,-89.633,0
33.596,-117.708,70.59999847
47.811,-122.377,0
39.766,-105.077,96.01000214
40.122,-75.54,75.61000061
42.233,-89.15,99.19000244
33.467,-111.914,98.76999664
43.12,-74.363,96.77999878
37.771,-122.444,99.11000061
42.717,-88.542,99.12999725
42.814,-73.94,99.13999939
38.915,-77.077,99
42.477,-83.028,99.13999939
42.162,-70.794,98.66999817
41.783,-72.661,97.30999756
42.472,-83.294,72.33999634
37.554,-77.46,97.47000122
0,0,98.90000153
30.267,-97.743,72.66000366
33.938,-83.429,99.09999847
38.811,-90.853,71.66999817
40.63,-91.315,29.47
37.393,-121.965,98.51000214
37.393,-121.965,98.94999695
39.255,-76.709,75.41999817
40.714,-74.006,66.12000275
42.78,-73.846,95.83999634
32.69,-97.618,73.76000214
33.202,-96.618,73.76000214
32.962,-96.899,73.76000214
32.569,-97.13,73.76000214
41.914,-88.131,99.01000214
32.962,-96.829,98.87999725
29.537,-98.488,68.62999725
27.948,-82.458,97.16000366
41.851,-80.79,97.48000336
40.574,-80.146,98.01999664
21.333,-158.083,72.38999939
32.945,-96.796,97.73999786
40.161,-82.666,56.18999863
33.675,-117.809,98.70999908
42.424,-82.897,0
42.658,-71.137,98.94000244
41.176,-96.062,71.19999695
26.88,-80.053,71.84999847
32.821,-79.846,98.94999695
28.457,-81.468,99.12000275
0,0,0
0,0,0
0,0,0
0,0,0
0,0,0
0,0,0
0,0,0
0,0,0
0,0,0
0,0,0
0,0,0
0,0,0
0,0,0
0,0,0
0,0,0
0,0,0
39.148,-84.52,99.0699997
32.084,-81.1,99.16000366
39.148,-84.52,99.0699997
32.084,-81.1,99.16000366
47.524,-121.926,0
40.737,-73.723,99.13999939
29.314,-98.388,99.16999817
29.701,-95.262,99.23000336
33.215,-97.133,99.12000275
39.802,-89.655,99.26999664
38.58,-90.42,99.23999786
46.664,-92.425,75.62999725
39.956,-74.257,0
32.806,-83.693,98.90000153
30.158,-95.489,0
32.457,-93.71,99.22000122
33.085,-97.296,98.08000183
39.367,-76.795,75.51000214
39.802,-89.655,99.26999664
34.935,-95.893,98.59999847
46.417,-117.018,99.18000031
39.148,-84.52,99.0699997
32.084,-81.1,99.16000366
47.524,-121.926,0
40.737,-73.723,99.13999939
29.314,-98.388,99.16999817
29.701,-95.262,99.23000336
33.215,-97.133,99.12000275
39.802,-89.655,99.26999664
38.58,-90.42,99.23999786
46.664,-92.425,75.62999725
39.956,-74.257,0
32.806,-83.693,98.90000153
30.158,-95.489,0
32.457,-93.71,99.22000122
33.085,-97.296,98.08000183
39.367,-76.795,75.51000214
41.761,-71.211,72.69000244
39.766,-94.842,98.05999756
38.899,-94.705,74.47000122
38.627,-90.198,97.34999847
34.73,-86.586,74.59999847
38.752,-121.288,98.27999878
38.627,-90.198,97.26000214
38.907,-77.124,97.37000275
34.07,-118.35,65.09999847
42.751,-73.773,96.83000183
38.982,-94.671,98.70999908
40.875,-74.667,71.95999908
35.06,-89.679,69.18000031
38.907,-77.124,49.47000122
38.907,-77.124,49.47000122
33.849,-84.362,98.86000061
40.768,-73.525,71.98999786
35.907,-86.766,96.37000275
27.849,-82.635,99.05000305
39.802,-123.031,99
37.107,-94.522,29.46999931
41.398,-96.208,95.8199997
42.331,-83.05,98.95999908
33.215,-97.133,99.04000092
41.464,-81.509,49.47000122
45.012,-93.156,72.37999725
37.165,-89.482,0
32.899,-97.329,0
37.425,-122.007,97.44999695
36.874,-86.454,98.5699997
40.75,-73.997,49.47000122
0,0,74.91999817
28.388,-81.322,99.08000183
39.952,-75.164,98.3199997
42.658,-83.182,98.55000305
33.845,-117.953,73.51999664
46.808,-100.784,99.08000183
33.477,-93.919,98.84999847
42.152,-71.215,98.84999847
38.907,-77.124,49.47000122
41.398,-96.208,95.8199997
35.907,-86.766,68.23000336
33.849,-84.362,98.86000061
40.768,-73.525,71.98999786
27.849,-82.635,99.05000305
39.802,-123.031,99
37.107,-94.522,29.46999931
42.331,-83.05,98.95999908
33.215,-97.133,99.04000092
41.464,-81.509,49.47000122
45.012,-93.156,72.37999725
37.165,-89.482,0
32.899,-97.329,0
37.425,-122.007,97.44999695
36.874,-86.454,98.5699997
40.75,-73.997,49.47000122
0,0,74.91999817
28.388,-81.322,99.08000183
39.952,-75.164,98.3199997
42.658,-83.182,98.55000305
33.845,-117.953,73.51999664
46.808,-100.784,99.08000183
33.477,-93.919,98.84999847
42.152,-71.215,98.84999847
41.661,-70.936,0
39.864,-75.435,98.5699997
40.415,-74.23,98.77999878
41.925,-91.691,98.76999664
35.687,-105.938,69.55999756
42.351,-71.061,99.08000183
39.297,-76.607,98.45999908
41.053,-73.539,93.98000336
42.399,-71.259,49.47000122
42.331,-83.05,71.47000122
38.627,-90.198,29.47
44.98,-93.264,99.0699997
40.742,-75.225,98.94000244
38.834,-104.821,74.47000122
38.834,-104.821,69.44000244
35.215,-80.827,99.11000061
41.706,-71.453,99
39.872,-75.328,98.94999695
43.525,-112.144,96.13999939
40.297,-74.73,40.45999908
45.5,-73.583,97.58000183
42.281,-71.429,99
32.918,-96.772,69.87000275
32.701,-97.381,67.69000244
27.768,-97.4,97.29000092
33.383,-111.874,98.69999695
42.719,-73.826,71.80999756
37.354,-121.955,74.37999725
26.132,-81.799,62.22000122
40.714,-74.006,69.98000336
33.215,-97.133,97.23000336
43.001,-73.849,71.73000336
30.134,-95.468,74.37999725
40.75,-73.997,74.44000244
35.597,-82.627,98.69999695
40.434,-79.864,98.95999908
38.627,-90.198,29.47
41.641,-88.647,98.97000122
41.046,-71.947,98.75
40.761,-111.89,98.98999786
37.742,-121.239,0
42.996,-71.455,74.29000092
38.999,-84.627,62.52000046
41.85,-87.65,98.15000153
39.005,-104.504,99.23000336
45.289,-121.797,96.93000031
44.945,-123.861,96.93000031
40.654,-74.001,29.47
33.875,-117.566,68.94000244
41.319,-81.678,96.62000275
34.673,-92.368,29.47
29.626,-95.484,69.69000244
27.336,-82.531,29.47
38.473,-77.997,98.86000061
39.212,-76.879,60.09000015
33.606,-111.894,97.40000153
25.656,-80.41,49.47
26.122,-80.143,49.47000122
25.774,-80.194,0
31.073,-97.736,67.97000122
29.763,-95.363,96.44999695
38.627,-90.198,98.93000031
38.582,-121.494,49.47000122
38.951,-77.231,99.12000275
40.714,-74.006,99.16000366
38.97,-77.386,98.51999664
26.857,-80.056,29.46999931
30.272,-97.742,55.99000168
35.227,-80.843,98.73000336
32.817,-96.881,98.88999939
41.906,-71.524,97.51000214
33.415,-111.909,98.09999847
32.715,-117.157,70.98000336
38.834,-104.821,75.12000275
40.671,-73.937,98.88999939
40.714,-74.006,74.98999786
35.86,-78.833,71.84999847
37.789,-122.395,98.33000183
36.8,-76.273,74.5
33.215,-97.133,64.16999817
44.902,-68.668,66.01999664
32.814,-96.949,72.0699997
34.15,-118.978,98.40000153
38.895,-77.036,96.83000183
38.933,-77.183,71.66999817
38.91,-77.018,99.19999695
40.555,-74.661,98.54000092
39.802,-89.655,99.26000214
35.291,-97.812,49.47000122
40.514,-88.991,68.13999939
33.585,-92.834,60.56000137
33.448,-112.074,66.61000061
47.702,-122.621,98.26999664
45.471,-89.73,67.0699997
38.899,-94.705,74.47000122
38.473,-77.997,99.08999634
42.167,-87.897,99.23000336
30.406,-86.619,98.98999786
42.447,-71.224,99.12000275
33.649,-117.685,98.65000153
0,0,63.63999939
33.749,-84.388,95.68000031
42.117,-86.454,74.01999664
40.714,-74.006,67.73000336
32.419,-97.114,99.08999634
33.671,-84.749,98.76000214
39.29,-76.612,70.08999634
40.081,-80.9,73.16000366
46.894,-92.365,99.05000305
38.862,-90.097,97.16000366
32.783,-96.807,97.59999847
38.58,-90.42,99.08000183
40.714,-74.006,98.77999878
30.532,-91.119,72.37000275
45.5,-73.583,97.58000183
61.581,-149.439,99.01000214
36.166,-86.784,67.3199997
31.45,-83.508,98.98000336
33.585,-92.834,99.01999664
34.063,-118.123,99.08000183
31.073,-97.736,98.15000153
46.664,-92.425,54.34000015
39.29,-76.612,98.73999786
38.458,-90.324,99.08000183
32.954,-96.89,99.05999756
30.532,-91.119,71.87999725
30.8,-81.69,99.05999756
42.653,-73.756,99.05999756
33.775,-84.296,98.98000336
0,0,99.23999786
35.998,-76.946,99.05999756
41.836,-71.075,29.47
43.911,-69.821,29.47
47.674,-122.122,99.22000122
36.046,-115.404,98.61000061
33.585,-92.834,71.8199997
39.766,-94.842,98.05999756
33.448,-112.074,72.58999634
33.605,-86.759,71.40000153
38.813,-121.03,0
38.331,-77.051,99.05999756
32.996,-97.227,75.26000214
37.38,-122.086,97.05999756
42.708,-71.161,97.69000244
39.766,-94.842,72.19999695
31.073,-97.736,98.15000153
33.605,-86.759,71.40000153
38.813,-121.03,0
42.702,-83.403,98.27999878
31.215,-97.74,26.43000031
29.887,-90.031,99.26999664
34.83,-87.664,99.0699997
26.121,-80.128,98.79000092
39.106,-84.501,98.98000336
40.736,-74.172,97.62000275
45.549,-122.558,99.23000336
32.095,-96.469,98.98000336
29.981,-95.464,99.12000275
34.548,-82.628,98.94000244
39.771,-86.157,98.95999908
35.227,-80.843,98.44999695
42.69,-71.162,98.43000031
43.011,-88.231,98.62000275
25.767,-80.204,98.94999695
42.719,-73.826,99.09999847
25.753,-80.271,99.26999664
47.702,-122.621,98.26999664
45.471,-89.73,67.0699997
38.899,-94.705,74.47000122
38.473,-77.997,99.08999634
42.167,-87.897,99.23000336
30.272,-97.742,55.99000168
35.227,-80.843,98.73000336
32.817,-96.881,98.88999939
41.906,-71.524,97.51000214
33.415,-111.909,98.09999847
32.715,-117.157,70.98000336
38.907,-77.124,49.47000122
33.849,-84.362,98.86000061
40.768,-73.525,71.98999786
35.907,-86.766,96.37000275
27.849,-82.635,99.05000305
39.802,-123.031,99
37.107,-94.522,29.46999931
41.398,-96.208,95.8199997
42.331,-83.05,98.95999908
33.215,-97.133,99.04000092
41.464,-81.509,49.47000122
45.012,-93.156,72.37999725
37.165,-89.482,0
32.899,-97.329,0
37.425,-122.007,97.44999695
36.874,-86.454,98.5699997
40.75,-73.997,49.47000122
0,0,74.91999817
28.388,-81.322,99.08000183
39.952,-75.164,98.3199997
42.658,-83.182,98.55000305
33.845,-117.953,73.51999664
46.808,-100.784,99.08000183
33.477,-93.919,98.84999847
42.152,-71.215,98.84999847
38.907,-77.124,49.47000122
41.398,-96.208,95.8199997
35.907,-86.766,68.23000336
33.849,-84.362,98.86000061
40.768,-73.525,71.98999786
27.849,-82.635,99.05000305
39.802,-123.031,99
37.107,-94.522,29.46999931
42.331,-83.05,98.95999908
33.215,-97.133,99.04000092
41.464,-81.509,49.47000122
45.012,-93.156,72.37999725
37.165,-89.482,0
32.899,-97.329,0
37.425,-122.007,97.44999695
36.874,-86.454,98.5699997
40.75,-73.997,49.47000122
0,0,74.91999817
28.388,-81.322,99.08000183
39.952,-75.164,98.3199997
42.658,-83.182,98.55000305
33.845,-117.953,73.51999664
46.808,-100.784,99.08000183
33.477,-93.919,98.84999847
42.152,-71.215,98.84999847
41.661,-70.936,0
39.864,-75.435,98.5699997
40.415,-74.23,98.77999878
41.925,-91.691,98.76999664
35.687,-105.938,69.55999756
42.351,-71.061,99.08000183
39.297,-76.607,98.45999908
31.073,-97.736,98.33000183
33.448,-112.074,99.12999725
40.84,-74.091,98.88999939
38.331,-77.051,98.95999908
43.039,-87.906,98.3199997
25.774,-80.194,0
38.713,-90.43,99.11000061
35.914,-78.863,99.16000366
38.967,-76.862,71.33999634
33.448,-112.074,29.46999931
36.046,-115.404,98.61000061
38.331,-77.051,98.73000336
34.201,-118.598,99.08999634
38.752,-121.288,99.15000153
42.447,-71.224,96.63999939
46.949,-91.779,98.0699997
33.448,-112.074,66.61000061
38.331,-77.051,75.0699997
34.73,-86.586,74.59999847
32.419,-97.114,99.08999634
33.671,-84.749,98.76000214
39.29,-76.612,70.08999634
40.081,-80.9,73.16000366
46.894,-92.365,99.05000305
38.862,-90.097,97.16000366
32.783,-96.807,97.59999847
38.58,-90.42,99.08000183
40.714,-74.006,98.77999878
30.532,-91.119,72.37000275
45.5,-73.583,97.58000183
61.581,-149.439,99.01000214
36.166,-86.784,67.3199997
31.45,-83.508,98.98000336
33.585,-92.834,99.01999664
36.046,-115.404,98.61000061
33.585,-92.834,71.8199997
40.012,-76.355,71.34999847
32.805,-117.136,69.73000336
33.679,-117.909,97.33999634
39.846,-75.374,99.13999939
29.832,-95.477,99.04000092
40.745,-74.032,98.66000366
33.597,-83.86,99.20999908
31.549,-97.147,98.45999908
32.787,-96.799,0
39.802,-89.655,99.20999908
34.063,-118.123,99.08000183
39.766,-94.842,96.33999634
44.882,-93.816,75.20999908
33.585,-92.834,99.01999664
37.339,-121.895,99.0699997
43.911,-69.821,0
40.477,-88.992,98.98999786
33.448,-112.074,97.55000305
34.286,-118.881,0
39.766,-105.077,96.01000214
35.564,-97.5,0
42.32,-71.44,98.87999725
42.135,-71.968,0
25.657,-80.359,72.83999634
40.714,-74.006,72
37.554,-77.46,98.66000366
34.147,-118.139,99.22000122
34.932,-114.138,0
43.157,-77.615,97.11000061
41.044,-83.65,99.13999939
40.768,-73.525,97.55000305
41.307,-72.925,98.05000305
29.428,-98.528,70.52999878
43.12,-74.363,96.77999878
39.802,-89.655,99.20999908
34.063,-118.123,99.08000183
39.766,-94.842,96.33999634
44.882,-93.816,75.20999908
33.585,-92.834,99.01999664
37.339,-121.895,99.0699997
43.911,-69.821,0
40.477,-88.992,98.98999786
33.448,-112.074,97.55000305
34.286,-118.881,0
39.766,-105.077,96.01000214
35.564,-97.5,0
42.32,-71.44,98.87999725
42.135,-71.968,0
25.657,-80.359,72.83999634
40.714,-74.006,72
37.554,-77.46,98.66000366
34.147,-118.139,99.22000122
34.932,-114.138,0
43.157,-77.615,97.11000061
41.044,-83.65,99.13999939
40.768,-73.525,97.55000305
41.307,-72.925,98.05000305
29.428,-98.528,70.52999878
43.12,-74.363,96.77999878
40.686,-76.195,99.19000244
37.079,-76.496,98.87999725
42.653,-73.756,74.43000031
32.734,-114.511,75.09999847
41.615,-80.134,99.09999847
42.656,-73.748,99
42.226,-83.268,98.58999634
40.232,-74.653,99.01999664
39.135,-84.435,98.52999878
0,0,98.98999786
37.771,-122.444,99.11000061
42.656,-73.748,98.83999634
33.215,-97.133,96.26000214
42.717,-88.542,99.12999725
44.191,-86.185,70.37000275
40.274,-80.154,29.46999931
31.073,-97.736,98.94999695
33.947,-118.085,67.97000122
31.115,-97.728,66.73999786
34.73,-86.586,99.23999786
43.039,-87.906,98.47000122
38.916,-76.995,49.47000122
38.834,-104.821,99.0699997
40.714,-74.006,98.77999878
42.447,-71.224,98.8199997
32.783,-96.807,98.19999695
39.766,-94.842,98.05999756
38.899,-94.705,74.47000122
38.627,-90.198,97.34999847
34.092,-117.435,0
34.148,-119.195,71.80000305
34.201,-118.598,99.25
0,0,98.48999786
38.834,-104.821,98.76999664
47.702,-122.621,98.26999664
45.471,-89.73,67.0699997
38.899,-94.705,74.47000122
38.473,-77.997,99.08999634
42.167,-87.897,99.23000336
33.151,-96.824,49.47
32.866,-97.216,49.47
32.522,-97.303,49.47
28.136,-99.18,75
40.773,-73.643,29.47
25.297,-80.735,70.76999664
29.505,-98.572,99.04000092
42.574,-70.95,98.02999878
34.338,-88.662,0
34.001,-81.035,75.44999695
38.959,-85.89,49.47
26.011,-80.149,73.23999786
32.542,-84.925,72.01999664
38.627,-90.198,98.30000305
40.43,-74.418,0
47.524,-121.926,0
39.36,-84.31,97.69999695
47.683,-122.123,98.61000061
35.543,-97.552,98.5
38.934,-77.177,72.09999847
40.782,-73.951,98.76000214
30.263,-92.122,73.34999847
42.341,-71.095,97.75
32.725,-97.321,72.11000061
37.351,-122.037,72.01000214
33.448,-112.074,98.63999939
38.951,-77.231,98.90000153
33.846,-118.047,99.08000183
42.269,-71.616,98.73999786
40.714,-74.006,98.87000275
40.736,-74.172,98.72000122
34.023,-80.929,71.37000275
33.605,-86.759,98.94000244
41.85,-87.65,98.70999908
38.834,-104.821,98.70999908
31.319,-85.494,98.94000244
31.115,-97.728,68.62000275
38.002,-121.325,70.22000122
42.536,-71.039,49.47000122
41.851,-80.79,97.48000336
42.85,-82.798,72.73000336
39.29,-76.612,99.12000275
40.081,-80.9,73.16000366
38.458,-90.324,99.23000336
39.843,-88.952,29.47
46.587,-94.697,97.8199997
40.518,-80.167,97.51000214
39.193,-76.724,98.98999786
34.148,-119.195,97.30000305
31.266,-92.47,0
40.514,-88.991,68.13999939
39.66,-98.786,29.47
36.99,-86.444,98.12999725
35.2,-106.644,97.48000336
38.653,-94.349,0
34.316,-83.815,98.87999725
33.198,-96.615,99.20999908
38.331,-77.051,0
27.336,-82.531,49.47000122
26.934,-80.094,99.12999725
43.467,-112.034,48.02000046
43.911,-69.821,0
32.996,-97.227,99.25
38.752,-121.288,72.37000275
30.508,-97.679,97.76000214
41.85,-87.65,69.08000183
40.714,-74.006,98.77999878
41.144,-72.278,69.30000305
47.631,-122.346,96.30999756
44.866,-93.43,99.08999634
41.82,-71.413,49.47
47.667,-117.438,98.91000366
29.737,-95.447,26.43000031
42.176,-71.053,98.5
31.266,-92.47,0
40.514,-88.991,68.13999939
39.66,-98.786,29.47
36.99,-86.444,98.12999725
35.2,-106.644,97.48000336
33.448,-112.074,99.19999695
32.746,-96.998,99.20999908
30.532,-91.119,97.72000122
34.73,-86.586,73.80999756
43.467,-112.034,48.02000046
43.911,-69.821,0
32.996,-97.227,99.25
38.752,-121.288,72.37000275
30.508,-97.679,97.76000214
41.85,-87.65,69.08000183
40.714,-74.006,98.77999878
41.144,-72.278,69.30000305
47.631,-122.346,96.30999756
44.866,-93.43,99.08999634
47.667,-117.438,98.91000366
29.737,-95.447,26.43000031
42.176,-71.053,98.5
42.127,-71.05,69.02999878
41.927,-72.655,99.09999847
34.036,-84.239,99.01000214
34.036,-84.239,99.01000214
33.912,-88.931,29.47
45.048,-93.427,67.19999695
42.773,-71.473,99.22000122
37.834,-122.265,58.97000122
42.226,-83.268,98.43000031
41.142,-104.779,98.86000061
42.719,-73.826,99.16999817
41.235,-80.499,0
27.768,-97.4,98.88999939
39.912,-74.21,0
31.266,-92.47,0
40.514,-88.991,68.13999939
39.66,-98.786,29.47
36.99,-86.444,98.12999725
35.2,-106.644,97.48000336
38.653,-94.349,0
34.316,-83.815,98.87999725
33.198,-96.615,99.20999908
38.331,-77.051,0
27.336,-82.531,49.47000122
26.934,-80.094,99.12999725
43.467,-112.034,48.02000046
43.911,-69.821,0
32.996,-97.227,99.25
38.752,-121.288,72.37000275
30.508,-97.679,97.76000214
41.85,-87.65,69.08000183
40.714,-74.006,98.77999878
41.144,-72.278,69.30000305
47.631,-122.346,96.30999756
44.866,-93.43,99.08999634
41.82,-71.413,49.47
47.667,-117.438,98.91000366
29.737,-95.447,26.43000031
42.176,-71.053,98.5
31.266,-92.47,0
40.514,-88.991,68.13999939
39.66,-98.786,29.47
36.99,-86.444,98.12999725
35.2,-106.644,97.48000336
33.448,-112.074,99.19999695
32.746,-96.998,99.20999908
30.532,-91.119,97.72000122
34.73,-86.586,73.80999756
43.467,-112.034,48.02000046
43.911,-69.821,0
32.996,-97.227,99.25
38.752,-121.288,72.37000275
30.508,-97.679,97.76000214
41.85,-87.65,69.08000183
40.714,-74.006,98.77999878
41.144,-72.278,69.30000305
47.631,-122.346,96.30999756
44.866,-93.43,99.08999634
47.667,-117.438,98.91000366
29.737,-95.447,26.43000031
42.176,-71.053,98.5
42.127,-71.05,69.02999878
41.927,-72.655,99.09999847
34.036,-84.239,99.01000214
34.036,-84.239,99.01000214
33.912,-88.931,29.47
45.048,-93.427,67.19999695
42.773,-71.473,99.22000122
37.834,-122.265,58.97000122
42.226,-83.268,98.43000031
41.142,-104.779,98.86000061
42.719,-73.826,99.16999817
41.235,-80.499,0
27.768,-97.4,98.88999939
39.912,-74.21,0
30.087,-94.129,98.73000336
40.737,-73.723,99.13999939
40.043,-75.64,99.13999939
38.627,-90.198,98.30000305
29.505,-98.572,98.41000366
41.346,-72.416,99.13999939
28.234,-82.181,98.87999725
42.724,-114.338,99.27999878
42.351,-71.061,99.13999939
33.215,-97.133,99.12000275
34.064,-118.475,98.15000153
42.845,-90.717,0
40.016,-76.245,0
40.016,-76.245,98.40000153
40.747,-73.938,99
32.64,-117.084,99.0699997
47.524,-121.926,0
32.325,-95.302,99
29.314,-98.388,99.16999817
29.701,-95.262,99.23000336
39.802,-89.655,99.20999908
38.58,-90.42,99.23999786
33.089,-94.163,75.58000183
47.489,-92.884,72.5699997
39.956,-74.257,0
32.806,-83.693,98.90000153
30.158,-95.489,0
39.766,-94.842,98.05999756
38.899,-94.705,74.47000122
29.763,-95.363,98.23999786
40.714,-74.006,99.16000366
0,0,99
42.461,-73.282,98.98000336
47.631,-122.346,97.47000122
38.627,-90.198,97.34999847
42.117,-86.454,98.58999634
41.851,-80.79,97.58999634
36.051,-78.881,98.84999847
44.09,-70.165,72.69999695
40.744,-73.482,98.77999878
42.313,-71.22,98.08999634
32.457,-93.71,98.73000336
43.467,-112.034,49.47
40.462,-79.666,49.47000122
35.898,-78.637,99.04000092
34.07,-118.35,65.09999847
44.282,-90.769,99.19999695
28.131,-80.655,69.58000183
42.751,-73.773,96.83000183
38.982,-94.671,98.70999908
35.06,-89.679,69.18000031
0,0,99.23999786
40.383,-78.843,73.76999664
29.428,-98.528,97.33000183
38.752,-121.288,98.27999878
33.71,-117.951,99.29000092
40.714,-74.006,71.88999939
40.882,-74.304,98.5699997
38.907,-77.124,49.47000122
35.907,-86.766,96.37000275
41.398,-96.208,95.8199997
33.849,-84.362,98.86000061
40.768,-73.525,71.98999786
27.849,-82.635,99.05000305
39.802,-123.031,99
37.107,-94.522,29.46999931
33.215,-97.133,98.52999878
42.331,-83.05,98.95999908
33.215,-97.133,99.04000092
41.464,-81.509,49.47000122
45.012,-93.156,72.37999725
37.165,-89.482,0
32.899,-97.329,0
37.425,-122.007,97.44999695
36.874,-86.454,0
42.399,-71.259,49.47000122
42.331,-83.05,71.47000122
37.245,-95.772,0
30.633,-97.677,98.68000031
32.715,-117.157,72.5
40.714,-74.006,63.36999893
40.714,-74.006,98.30000305
34.052,-118.243,71.36000061
40.799,-81.378,73.87000275
39.756,-75.528,0
40.75,-73.997,0
30.456,-97.752,0
38.834,-104.821,67.19999695
39.689,-105.089,0
40.742,-75.225,98.94000244
30.18,-97.726,99.0699997
26.189,-80.174,98.69999695
30.134,-95.468,74.37999725
40.121,-83.138,74.54000092
35.215,-80.827,99.11000061
41.706,-71.453,99
39.872,-75.328,98.94999695
43.525,-112.144,96.13999939
40.297,-74.73,40.45999908
45.5,-73.583,97.58000183
42.281,-71.429,99
32.918,-96.772,69.87000275
32.701,-97.381,67.69000244
27.768,-97.4,97.29000092
33.383,-111.874,98.69999695
42.719,-73.826,71.80999756
26.132,-81.799,62.22000122
37.21,-121.539,99.27999878
34.229,-118.357,99.13999939
33.931,-84.462,98.93000031
40.752,-73.973,98.55999756
35.898,-78.637,99.04000092
38.657,-90.458,98.66999817
33.077,-83.303,49.47
40.741,-73.99,74.75
33.814,-117.828,99.27999878
37.567,-122.367,99.05000305
40.723,-73.845,99.27999878
42.888,-78.881,98.93000031
32.783,-96.807,75.13999939
40.714,-74.006,26.43000031
39.581,-104.955,99.12999725
29.647,-95.147,99.27999878
33.703,-117.816,97.02999878
28.025,-82.772,99.27999878
42.888,-78.881,99.12999725
42.808,-71.299,29.47
34.12,-84.465,98.66999817
40.5,-111.877,99.12999725
41.452,-81.93,99.27999878
41.641,-88.647,98.97000122
41.046,-71.947,98.75
40.761,-111.89,98.98999786
37.742,-121.239,0
30.608,-96.324,71.41000366
25.774,-80.194,98.44000244
27.725,-82.742,72.93000031
39.526,-119.812,0
30.508,-97.679,0
38.026,-100.826,0
37.696,-100.105,0
40.714,-74.006,69.02999878
34.392,-118.543,99
30.512,-84.347,99.19000244
29.77,-82.274,72.93000031
34.135,-117.153,0
40.714,-74.006,69.02999878
25.784,-80.136,72.93000031
38.254,-85.759,98.19000244
42.297,-85.237,99.25
40.848,-74.483,71.69000244
0,0,99.23999786
25.793,-80.368,71.88999939
41.061,-73.549,0
35.367,-87.919,98.76000214
32.105,-110.91,61.22000122
41.046,-71.947,98.75
34.5,-117.303,98.91000366
41.641,-88.647,98.97000122
40.761,-111.89,98.98999786
37.742,-121.239,0
30.608,-96.324,71.41000366
25.774,-80.194,98.44000244
27.725,-82.742,72.93000031
39.526,-119.812,0
30.508,-97.679,0
38.026,-100.826,0
37.696,-100.105,0
40.714,-74.006,69.02999878
34.392,-118.543,99
30.512,-84.347,99.19000244
29.77,-82.274,72.93000031
40.714,-74.006,69.02999878
25.784,-80.136,72.93000031
38.254,-85.759,98.19000244
42.297,-85.237,99.25
40.848,-74.483,71.69000244
40.956,-73.819,99.01000214
41.046,-71.947,71.69000244
0,0,99.23999786
39.182,-120.22,98.86000061
32.105,-110.91,99
41.061,-73.549,0
35.367,-87.919,98.76000214
43.901,-85.852,98.86000061
38.159,-85.508,99.26999664
39.661,-104.835,98.86000061
45.384,-122.764,99.23999786
39.768,-86.158,71.76999664
47.606,-122.332,98.95999908
43.076,-89.411,99.23000336
41.641,-88.647,99.26999664
40.818,-73.209,98.5
39.696,-105.001,98.45999908
38.066,-83.942,99.05000305
38.999,-84.627,62.52000046
42.996,-71.455,74.29000092
41.85,-87.65,98.15000153
39.005,-104.504,99.23000336
45.289,-121.797,96.93000031
44.945,-123.861,96.93000031
33.578,-101.855,0
34.673,-92.368,29.47
41.319,-81.678,96.62000275
29.626,-95.484,69.69000244
27.336,-82.531,29.47
39.768,-86.158,0
41.921,-87.702,0
35.738,-78.722,97.93000031
33.746,-117.868,68.94000244
39.962,-83.129,97.93000031
39.699,-84.217,98.87000275
45.487,-122.804,96.30000305
36.206,-115.223,69.83000183
40.046,-75.534,98.5699997
31.545,-83.898,98.11000061
32.1,-93.291,72.33000183
30.332,-81.656,72.93000031
57.79,-152.407,99.09999847
36.373,-94.209,69.80999756
39.163,-76.625,66.77999878
45.5,-73.583,97.58000183
40.363,-79.866,71.98999786
41.85,-87.65,99.0699997
35.998,-76.946,99.05999756
38.513,-90.436,73.25
42.392,-71.09,0
31.081,-97.636,98.73000336
37.454,-122.182,98.91000366
40.848,-74.483,50.38999939
35.648,-105.972,72.77999878
40.714,-74.006,98.16999817
39.212,-76.879,60.09000015
33.606,-111.894,97.40000153
25.656,-80.41,49.47
26.122,-80.143,49.47000122
47.674,-122.122,72.13999939
25.774,-80.194,0
31.073,-97.736,67.97000122
37.349,-121.985,99.16000366
35.227,-80.843,98.95999908
35.898,-78.637,99.04000092
29.763,-95.363,96.44999695
40.855,-74.4,94.59999847
42.719,-73.826,98.83000183
40.448,-79.991,96.90000153
44.976,-93.271,65.94999695
30.812,108.377,69.08999634
40.423,-104.709,99.13999939
42.331,-83.05,0
42.855,-71.519,98.52999878
33.215,-97.133,95.26999664
33.103,-96.671,96.87999725
33.215,-97.133,98.98000336
34.031,-118.4,98.98999786
33.924,-84.379,98.83000183
38.582,-121.494,49.47000122
40.714,-74.006,99.16000366
38.97,-77.386,98.51999664
34.3,-78.677,99.08000183
37.316,-121.937,74.91999817
35.227,-80.843,98.73000336
32.817,-96.881,98.88999939
37.454,-122.181,72.83000183
38.899,-94.705,0
41.906,-71.524,97.51000214
33.415,-111.909,98.09999847
32.715,-117.157,70.98000336
42.172,-87.877,71.88999939
44.519,-88.02,75.30999756
44.65,-63.6,49.47000122
42.78,-73.846,49.83000183
40.671,-73.937,98.88999939
40.714,-74.006,74.98999786
36.8,-76.273,74.5
42.347,-71.04,75.11000061
37.03,-76.345,74.37000275
44.902,-68.668,66.01999664
32.814,-96.949,72.0699997
38.834,-104.821,75.12000275
34.392,-118.543,73.3199997
34.15,-118.978,98.40000153
38.895,-77.036,97.52999878
38.933,-77.183,71.66999817
38.91,-77.018,99.19999695
40.555,-74.661,98.54000092
38.895,-77.036,96.83000183
39.802,-89.655,99.26000214
35.291,-97.812,49.47000122
40.514,-88.991,68.13999939
31.266,-92.47,99.13999939
31.115,-97.728,98.80999756
33.448,-112.074,98.30000305
33.585,-92.834,60.56000137
46.859,-92.444,98.94999695
21.361,-157.943,98.98999786
44.42,-83.331,99.09999847
38.895,-77.036,0
40.848,-74.483,49.47000122
37.789,-122.395,99.08000183
38.752,-121.288,99.12000275
40.363,-79.866,98.91999817
38.951,-77.022,61.45999908
40.448,-79.991,93.58999634
25.793,-80.368,98.8199997
34.392,-118.543,73.3199997
34.15,-118.978,98.40000153
38.895,-77.036,97.52999878
38.933,-77.183,71.66999817
38.91,-77.018,99.19999695
40.555,-74.661,98.54000092
38.895,-77.036,96.83000183
39.802,-89.655,99.26000214
35.498,-97.269,98.55999756
40.514,-88.991,68.13999939
31.266,-92.47,99.13999939
31.115,-97.728,98.80999756
33.448,-112.074,98.30000305
34.201,-118.598,98.48999786
46.859,-92.444,98.94999695
21.361,-157.943,98.98999786
44.42,-83.331,99.09999847
38.895,-77.036,0
40.848,-74.483,49.47000122
37.789,-122.395,99.08000183
38.752,-121.288,99.12000275
36.586,-79.395,71.90000153
37.387,-122.016,98.69000244
40.363,-79.866,98.91999817
35.772,-78.639,99.26999664
33.716,-117.903,75.61000061
42.042,-87.789,99.04000092
40.757,-111.899,99.26000214
42.461,-73.282,70.68000031
32.97,-96.796,98.86000061
38.892,-77.02,73.73999786
37.979,-122.165,99.16999817
35.898,-78.637,72.66000366
47.612,-122.334,97.51000214
40.462,-79.666,49.47000122
35.227,-80.843,70.05000305
38.002,-121.325,70.22000122
38.926,-77.398,49.47000122
38.933,-77.349,98.88999939
35.759,-78.781,52.50999832
40.91,-73.323,98.62000275
32.926,-96.887,98.66999817
38.857,-77.051,99.02999878
37.656,-122.426,99.01999664
40.728,-74.078,70.66000366
39.962,-75.199,98.41999817
28.241,-82.48,59.93000031
41.053,-74.05,98.91999817
39.476,-76.237,49.47
29.405,-98.638,98.79000092
38.002,-121.325,70.22000122
38.933,-77.349,98.88999939
35.759,-78.781,52.50999832
40.91,-73.323,98.62000275
32.926,-96.887,98.66999817
38.857,-77.051,99.02999878
37.656,-122.426,99.01999664
28.241,-82.48,59.93000031
41.053,-74.05,98.91999817
39.476,-76.237,49.47
29.405,-98.638,98.79000092
33.02,-96.699,98.84999847
33.027,-117.118,98.94999695
41.8,-91.871,71.91999817
0,0,98.73000336
42.269,-71.616,98.73999786
28.062,-82.412,98.62000275
37.554,-77.46,75.55999756
32.88,-97,99.01000214
37.789,-122.395,99.08000183
42.117,-86.454,99.01000214
40.714,-74.006,97.13999939
40.706,-74.009,98.94000244
35.772,-78.639,29.46999931
38.834,-104.821,98.43000031
42.044,-88.11,98.90000153
32.783,-96.807,98.62999725
32.715,-117.157,98.93000031
40.714,-74.006,0
41.812,-87.654,71.15000153
43.072,-70.763,98.62999725
37.541,-77.435,99.08000183
38.899,-94.705,74.47000122
30.332,-81.656,72.93000031
32.88,-97,98.44000244
34.73,-86.586,49.47
47.702,-122.621,98.26999664
45.471,-89.73,67.0699997
38.473,-77.997,99.08999634
33.453,-112.07,99.04000092
37.789,-122.395,99.08000183
45.119,-93.402,71.19000244
44.65,-63.6,49.47000122
37.365,-81.029,96.66999817
40.571,-74.317,99.19999695
40.745,-74.032,98.58000183
38.834,-104.821,99.27999878
38.964,-94.713,99.22000122
37.431,-121.945,99.08000183
43.037,-73.929,98.72000122
0,0,98.84999847
30.387,-97.705,70.65000153
0,0,63.63999939
42.117,-86.454,74.01999664
40.714,-74.006,67.73000336
42.447,-71.224,99.11000061
33.671,-84.749,98.76000214
38.862,-90.097,97.16000366
0,0,63.54000092
38.254,-104.609,98.72000122
32.362,-95.313,99
32.419,-97.114,99.08999634
39.29,-76.612,70.08999634
39.51,-76.164,97.88999939
40.081,-80.9,73.16000366
38.895,-77.036,0
45.5,-73.583,97.58000183
46.894,-92.365,99.05000305
32.783,-96.807,97.59999847
38.58,-90.42,99.08000183
38.752,-121.288,99.12000275
35.564,-97.5,0
31.073,-97.736,98.15000153
32.725,-97.321,95.83999634
39.29,-76.612,98.73999786
29.211,-81.023,99.05999756
47.533,-92.34,71
35.648,-105.972,98.38999939
38.58,-90.42,99.08000183
43.911,-69.821,0
30.508,-97.679,96.63999939
30.532,-91.119,97.72000122
0,0,99.23999786
35.998,-76.946,99.05999756
30.8,-81.69,99.05999756
41.761,-71.211,63.02000046
41.845,-87.754,99.05999756
42.719,-73.826,98.87999725
43.12,-74.363,99.08999634
39.805,-75.341,99.18000031
25.793,-80.368,98.8199997
33.709,-117.761,99.0699997
42.648,-73.753,68.51999664
37.041,-122.124,98.8199997
39.33,-84.408,98.66999817
37.809,-122.299,98.8199997
35.707,-86.884,99.05999756
41.061,-73.549,29.47
31.073,-97.736,98.15000153
39.29,-76.612,98.73999786
35.648,-105.972,98.38999939
40.13,-79.974,95.83999634
43.32,-87.953,72.44000244
29.211,-81.023,99.05999756
47.533,-92.34,71
38.58,-90.42,98.94000244
32.737,-96.904,0
43.911,-69.821,0
0,0,99.23999786
30.508,-97.679,96.63999939
30.532,-91.119,97.72000122
35.998,-76.946,99.05999756
30.8,-81.69,99.05999756
41.845,-87.754,99.05999756
33.585,-92.834,99.22000122
41.836,-71.075,72.36000061
33.035,-97.083,71.23000336
42.719,-73.826,98.87999725
43.006,-123.893,99.19999695
38.601,-76.905,99.08999634
43.101,-75.233,99.08999634
39.805,-75.341,99.18000031
25.793,-80.368,98.8199997
30.461,-87.215,99.08999634
35.707,-86.884,99.05999756
40.146,-74.712,26.43000031
41.061,-73.549,29.47
28.241,-82.48,96.91000366
25.774,-80.194,48.79999924
38.147,-85.874,98.84999847
41.5,-81.695,29.46999931
37.346,-121.909,98.94000244
42.569,-70.862,98.66000366
32.186,-90.272,97.66000366
33.697,-84.35,71.77999878
33.675,-117.809,99.20999908
38.697,-90.217,98.98000336
42.272,-71.087,98.38999939
36.154,-95.993,68.83000183
33.285,-83.981,98.12000275
36.046,-115.404,98.61000061
33.585,-92.834,71.8199997
38.834,-104.821,99.27999878
43.911,-69.821,0
40.714,-74.006,98.98000336
42.331,-83.046,99.08999634
37.393,-121.965,99.18000031
25.456,-80.455,95.08000183
40.776,-73.467,97.69000244
45.01,-93.349,97.65000153
44.65,-63.6,49.47000122
42.977,-77.337,98.97000122
42.11,-86.48,98.43000031
47.683,-122.123,99.26000214
42.461,-73.282,96.62999725
39.505,-75.462,96.26999664
36.309,-80.843,99.02999878
39.766,-94.842,98.05999756
39.766,-94.842,72.19999695
31.073,-97.736,98.15000153
25.753,-80.271,99.26999664
34.062,-118.401,98.62000275
30.35,-81.495,97.29000092
43.217,-87.935,99.26999664
40.595,-74.075,99.26999664
32.772,-117.146,98.98000336
40.7,-73.593,98.43000031
38.663,-90.577,99.19999695
29.887,-90.031,99.26999664
26.121,-80.128,98.79000092
39.106,-84.501,98.98000336
45.549,-122.558,99.23000336
32.095,-96.469,98.98000336
29.981,-95.464,99.12000275
34.548,-82.628,98.94000244
39.771,-86.157,98.95999908
35.227,-80.843,98.44999695
42.69,-71.162,98.43000031
43.011,-88.231,98.62000275
25.767,-80.204,98.94999695
42.719,-73.826,99.09999847
38.899,-94.705,74.47000122
30.332,-81.656,72.93000031
32.88,-97,98.44000244
34.73,-86.586,49.47
47.702,-122.621,98.26999664
45.471,-89.73,67.0699997
38.473,-77.997,99.08999634
33.453,-112.07,99.04000092
37.789,-122.395,99.08000183
45.119,-93.402,71.19000244
44.65,-63.6,49.47000122
37.365,-81.029,96.66999817
40.571,-74.317,99.19999695
40.745,-74.032,98.58000183
37.316,-121.937,74.91999817
35.227,-80.843,98.73000336
32.817,-96.881,98.88999939
37.454,-122.181,72.83000183
38.899,-94.705,0
41.906,-71.524,97.51000214
33.415,-111.909,98.09999847
32.715,-117.157,70.98000336
42.172,-87.877,71.88999939
44.519,-88.02,75.30999756
44.65,-63.6,49.47000122
38.907,-77.124,49.47000122
35.907,-86.766,96.37000275
41.398,-96.208,95.8199997
33.849,-84.362,98.86000061
40.768,-73.525,71.98999786
27.849,-82.635,99.05000305
39.802,-123.031,99
37.107,-94.522,29.46999931
33.215,-97.133,98.52999878
42.331,-83.05,98.95999908
33.215,-97.133,99.04000092
41.464,-81.509,49.47000122
45.012,-93.156,72.37999725
37.165,-89.482,0
32.899,-97.329,0
37.425,-122.007,97.44999695
36.874,-86.454,0
35.468,-97.516,98.55999756
31.073,-97.736,98.33000183
33.448,-112.074,98.30000305
40.84,-74.091,98.88999939
39.434,-76.167,98.77999878
25.774,-80.194,0
32.715,-117.157,99.15000153
32.88,-97,49.52999878
43.039,-87.906,98.3199997
40.363,-79.866,0
29.763,-95.363,98.98000336
40.615,-111.891,98.48000336
40.448,-79.991,93.58999634
41.85,-87.65,99.01999664
39.106,-84.501,96.37999725
40.745,-74.032,98.58000183
37.349,-121.985,49.47
42.033,-88.083,98.93000031
34.084,-84.225,98.33000183
42.964,-78.738,97.87999725
41.937,-88.288,99.0699997
40.759,-73.99,99.09999847
27.948,-82.458,99.01999664
30.387,-97.705,99.02999878
32.97,-96.796,98.86000061
35.642,-97.746,98.55999756
31.073,-97.736,98.33000183
33.448,-112.074,98.63999939
39.434,-76.167,98.77999878
25.774,-80.194,0
34.201,-118.598,99.12000275
32.715,-117.157,99.15000153
32.88,-97,49.52999878
43.039,-87.906,98.3199997
38.951,-77.231,99.01000214
40.363,-79.866,0
45.01,-93.349,98.58000183
44.866,-93.43,98.94999695
34.075,-84.294,98.91000366
37.349,-121.985,49.47
42.033,-88.083,98.93000031
41.481,-81.698,26.43000031
32.97,-96.796,98.86000061
42.117,-86.454,98.83000183
38.926,-77.398,99.15000153
38.933,-77.349,98.88999939
39.138,-77.187,99.08000183
38.699,-77.137,72.22000122
41.061,-73.549,98.47000122
37.656,-122.426,99.01999664
38.926,-77.398,99.15000153
38.933,-77.349,98.88999939
39.138,-77.187,99.08000183
38.699,-77.137,72.22000122
41.061,-73.549,98.47000122
37.656,-122.426,99.01999664
42.888,-78.881,99.15000153
37.346,-121.909,74.91000366
41.053,-74.05,98.91999817
39.699,-84.217,98.87000275
40.012,-76.355,98.94999695
40.473,-80.008,98.72000122
38.951,-77.231,99
37.342,-121.882,99.09999847
38.627,-90.198,98.91999817
38.935,-77.272,99.02999878
42.447,-71.224,98.8199997
33.215,-97.133,98.91000366
33.027,-117.118,98.94999695
39.962,-83.129,97.87000275
28.062,-82.412,98.62000275
40.383,-78.843,98.04000092
40.797,-74.111,98
41.062,-85.217,98.90000153
32.926,-96.887,99.12999725
41.062,-85.217,98.90000153
32.926,-96.887,99.12999725
42.751,-73.773,99
35.966,-78.801,98.61000061
40.945,-74.071,99.04000092
43.039,-87.906,99.01000214
40.634,-74.407,96.25
26.238,-80.125,94.29000092
40.866,-74.836,99.02999878
29.505,-98.572,49.47
47.606,-122.332,99.05999756
36.046,-115.404,98.61000061
34.201,-118.598,99.08999634
38.331,-77.051,98.73000336
38.752,-121.288,99.15000153
34.392,-118.543,73.3199997
32.805,-117.136,98.33000183
42.447,-71.224,96.63999939
40.7,-73.593,71.3199997
38.834,-104.821,98.80999756
32.725,-97.321,97.79000092
38.895,-77.036,97.52999878
41.912,-71.448,57.20000076
40.855,-74.4,98.13999939
36.683,-119.734,49.47000122
43.073,-89.401,99.08000183
38.857,-77.051,98.25
34.73,-86.586,98.91999817
33.277,-111.925,99.08000183
38.899,-94.705,99.19000244
42.347,-71.04,99.13999939
40.101,-83.055,0
38.981,-77.1,97.87999725
34.73,-86.586,98.79000092
39.143,-77.201,99.09999847
0,0,97.91999817
36.046,-115.404,98.61000061
34.201,-118.598,99.08999634
38.331,-77.051,98.73000336
38.752,-121.288,99.15000153
41.85,-87.65,99.01999664
34.392,-118.543,73.3199997
32.805,-117.136,98.33000183
40.7,-73.593,71.3199997
38.834,-104.821,98.80999756
32.725,-97.321,97.79000092
38.895,-77.036,97.52999878
42.646,-71.165,98.66999817
40.855,-74.4,98.13999939
29.537,-98.488,98.83000183
33.448,-112.074,66.61000061
34.73,-86.586,74.59999847
39.434,-76.167,74.93000031
46.949,-91.779,98.0699997
38.834,-104.821,62.72999954
33.671,-84.749,98.76000214
38.862,-90.097,97.16000366
0,0,63.54000092
38.254,-104.609,98.72000122
32.362,-95.313,99
32.419,-97.114,99.08999634
39.29,-76.612,70.08999634
39.51,-76.164,97.88999939
40.081,-80.9,73.16000366
38.895,-77.036,0
45.5,-73.583,97.58000183
46.894,-92.365,99.05000305
32.783,-96.807,97.59999847
38.58,-90.42,99.08000183
38.752,-121.288,99.12000275
35.564,-97.5,0
36.046,-115.404,98.61000061
33.585,-92.834,71.8199997
38.834,-104.821,99.27999878
43.911,-69.821,0
40.714,-74.006,98.98000336
42.331,-83.046,99.08999634
37.393,-121.965,99.18000031
25.456,-80.455,95.08000183
40.776,-73.467,97.69000244
45.01,-93.349,97.65000153
44.65,-63.6,49.47000122
42.977,-77.337,98.97000122
42.11,-86.48,98.43000031
47.683,-122.123,99.26000214
42.461,-73.282,96.62999725
39.505,-75.462,96.26999664
36.309,-80.843,99.02999878
35.319,-82.461,98.94000244
27.768,-97.4,98.36000061
37.775,-122.419,99.08999634
42.702,-73.762,98.19000244
40.702,-111.949,98.59999847
40.363,-79.866,67.94999695
39.191,-121.49,71.91000366
41.233,-80.231,67.5
39.294,-76.623,68.37999725
41.377,-73.46,98.90000153
29.767,-98.182,73.48000336
41.781,-87.872,97.72000122
33.679,-117.909,97.33999634
32.362,-95.313,98.75
42.281,-71.429,98.11000061
43.12,-74.363,98.51000214
42.569,-70.862,98.63999939
25.702,-80.298,73.44999695
44.191,-86.185,70.37000275
39.898,-86.233,99.04000092
47.671,-122.382,99.16999817
47.04,-92.471,95.09999847
35.733,-78.85,72.83999634
40.732,-74.173,98.51000214
41.059,-74.022,98.80999756
35.564,-97.5,0
37.957,-121.785,0
33.749,-84.388,75.5
38.956,-94.743,72.11000061
39.963,-76.728,68.27999878
39.699,-104.837,99.26000214
42.347,-71.04,73.26000214
47.498,-97.283,72.73999786
47.821,-122.315,98.61000061
28.68,-81.51,99.16999817
40.721,-74.046,99.05000305
42.333,-71.096,98.5699997
33.979,-118.033,0
39.802,-89.655,99.20999908
39.766,-94.842,96.33999634
0,0,98.94999695
30.24,-93.227,99.19000244
33.585,-92.834,99.01999664
44.882,-93.816,75.20999908
43.911,-69.821,0
40.477,-88.992,98.98999786
42.281,-71.429,49.47
37.339,-121.895,99.0699997
33.448,-112.074,97.55000305
34.286,-118.881,0
35.564,-97.5,0
39.24,-122.074,98.08999634
40.714,-74.006,98.87000275
44.191,-86.185,70.37000275
43.306,-124.056,99.25
42.719,-73.826,98.22000122
29.405,-98.638,98.79000092
25.657,-80.359,72.83999634
37.554,-77.46,98.66000366
34.147,-118.139,99.22000122
41.044,-83.65,99.13999939
42.392,-71.09,0
40.768,-73.525,97.55000305
31.115,-97.728,66.73999786
34.73,-86.586,99.23999786
29.463,-98.676,49.47
31.073,-97.736,69.37000275
38.752,-121.288,98.69000244
32.783,-96.807,98.19999695
43.039,-87.906,98.47000122
43.911,-69.821,97.83000183
38.916,-76.995,49.47000122
32.961,-96.986,98.55999756
45.5,-73.583,98.94999695
36.586,-79.395,71.90000153
39.759,-84.192,70.34999847
34.019,-118.491,98.91999817
39.766,-94.842,98.05999756
38.899,-94.705,74.47000122
29.763,-95.363,98.23999786
40.714,-74.006,99.16000366
0,0,99
42.461,-73.282,98.98000336
47.631,-122.346,97.47000122
38.627,-90.198,97.34999847
42.117,-86.454,98.58999634
41.851,-80.79,97.58999634
36.051,-78.881,98.84999847
44.09,-70.165,72.69999695
40.744,-73.482,98.77999878
42.313,-71.22,98.08999634
34.134,-117.908,99.16000366
34.092,-117.435,0
30.532,-91.119,97.72000122
29.428,-98.528,99.16999817
42.726,-87.783,74.83999634
40.22,-74.767,74.54000092
38.834,-104.821,98.76999664
44.877,-93.479,99.12999725
32.299,-110.843,99.12999725
34.73,-86.586,95.91000366
38.717,-9.133,69.3199997
34.867,-92.404,99.01999664
40.714,-74.006,98.16999817
34.754,-77.43,75.45999908
33.822,-117.204,49.47
40.671,-73.937,73.72000122
40.858,-73.117,95.34999847
40.744,-73.978,98.73999786
42.246,-71.177,99
42.331,-83.046,98.8199997
29.927,-95.604,72.51000214
28.457,-81.468,75.05999756
35.815,-78.583,99.16000366
42.688,-83.388,99.08000183
35.468,-97.516,98.55999756
38.473,-77.997,99.01999664
39.434,-76.167,0
37.775,-122.419,99.08999634
25.799,-80.342,98.18000031
40.201,-74.168,72.73000336
38.982,-94.671,98.48000336
38.834,-104.821,99.01999664
43.037,-73.929,98.72000122
0,0,73.83000183
38.834,-104.821,98.97000122
40.864,-73.989,98.55999756
40.728,-74.078,98.13999939
43.002,-73.876,75.87000275
0,0,98.48999786
42.117,-86.454,98.68000031
37.393,-121.965,98.73999786
42.066,-87.934,98.97000122
42.658,-83.15,99.15000153
39.115,-77.252,75.08999634
39.439,-77.343,98.26999664
39.967,-74.943,73.02999878
33.933,-84.385,98.87000275
38.834,-104.821,98.76999664
29.505,-98.572,68.62000275
35.468,-97.516,98.55999756
38.473,-77.997,99.01999664
39.434,-76.167,0
37.775,-122.419,99.08999634
25.799,-80.342,98.18000031
40.201,-74.168,72.73000336
38.982,-94.671,98.48000336
38.834,-104.821,99.01999664
43.037,-73.929,98.72000122
0,0,73.83000183
38.834,-104.821,98.97000122
40.864,-73.989,98.55999756
40.728,-74.078,98.13999939
43.002,-73.876,75.87000275
0,0,98.48999786
42.117,-86.454,98.68000031
37.393,-121.965,98.73999786
42.066,-87.934,98.97000122
42.658,-83.15,99.15000153
39.115,-77.252,75.08999634
39.439,-77.343,98.26999664
39.967,-74.943,73.02999878
33.933,-84.385,98.87000275
38.834,-104.821,98.76999664
29.505,-98.572,68.62000275
44.642,-88.74,99.15000153
38.899,-94.705,74.47000122
30.332,-81.656,72.93000031
32.88,-97,98.44000244
34.73,-86.586,49.47
47.702,-122.621,98.26999664
45.471,-89.73,67.0699997
38.473,-77.997,99.08999634
33.453,-112.07,99.04000092
37.789,-122.395,99.08000183
45.119,-93.402,71.19000244
44.65,-63.6,49.47000122
37.365,-81.029,96.66999817
40.571,-74.317,99.19999695
40.745,-74.032,98.58000183
41.552,-88.112,99.01999664
28.136,-99.18,75
40.773,-73.643,29.47
25.297,-80.735,70.76999664
29.505,-98.572,99.04000092
42.574,-70.95,98.02999878
34.338,-88.662,0
26.011,-80.149,73.23999786
38.627,-90.198,98.30000305
40.43,-74.418,0
39.36,-84.31,97.69999695
47.683,-122.123,98.61000061
35.142,-88.651,0
38.99,-82.744,99.08999634
26.121,-80.128,75.55000305
38.934,-77.177,72.09999847
35.543,-97.552,98.5
42.341,-71.095,97.75
40.782,-73.951,98.76000214
30.263,-92.122,73.34999847
38.305,-85.579,0
43.184,-89.214,99.08999634
32.725,-97.321,72.11000061
33.448,-112.074,98.63999939
40.714,-74.006,71.40000153
40.759,-73.99,99.09999847
33.831,-118.282,97.38999939
42.269,-71.616,98.73999786
40.736,-74.172,98.72000122
34.023,-80.929,71.37000275
33.605,-86.759,98.94000244
21.333,-158.083,72.38999939
29.935,-95.396,98.70999908
39.637,-79.953,60.61000061
44.954,-93.431,73.51000214
32.962,-96.829,98.87999725
34.068,-85.577,98.94000244
42.609,-83.054,94.94999695
34.167,-118.4,98.59999847
42.85,-70.863,59.93000031
40.122,-75.54,98.94000244
41.03,-80.052,0
38.147,-85.874,98.48000336
38.002,-121.325,70.22000122
42.731,-73.689,98.97000122
29.463,-98.676,98.41000366
39.29,-76.612,99.12000275
40.081,-80.9,73.16000366
38.458,-90.324,0
39.843,-88.952,29.47
46.587,-94.697,97.8199997
33.953,-84.55,98.93000031
34.148,-119.195,97.30000305
39.987,-83.042,97.34999847
42.888,-97.454,0
31.223,-85.39,66.19999695
36.053,-95.791,98.79000092
40.853,-73.211,98.98000336
39.043,-76.899,71.38999939
33.902,-118.01,71.79000092
42.697,-73.644,71.84999847
35.925,-86.869,98.80000305
38.817,-77.46,29.47
31.603,-97.08,98.38999939
39.017,-84.601,67.8199997
46.091,-94.504,98.62000275
33.448,-112.074,98.30000305
39.843,-88.952,99.25
39.768,-86.158,98.98999786
32.796,-98.111,71.54000092
44.976,-93.271,0
39.987,-83.042,97.34999847
26.191,-97.696,98.87999725
35.966,-78.801,98.73000336
38.817,-77.46,29.47
31.603,-97.08,98.38999939
39.017,-84.601,67.8199997
46.091,-94.504,98.62000275
33.448,-112.074,98.30000305
39.843,-88.952,99.25
39.768,-86.158,98.98999786
32.796,-98.111,71.54000092
44.976,-93.271,0
39.987,-83.042,97.34999847
26.191,-97.696,98.87999725
35.966,-78.801,98.73000336
